1,2016-01-22-46,6.080
1,2016-01-22-58,12.080
1,2016-01-22-70,2.800
1,2016-01-22-82,6.080
1,2016-01-22-94,4.080
1,2016-01-22-106,6.060
1,2016-01-22-118,10.960
1,2016-01-22-130,9.080
1,2016-01-22-142,13.080
2,2016-01-22-46,1.000
2,2016-01-22-58,1.000
2,2016-01-22-70,1.000
2,2016-01-22-82,1.000
2,2016-01-22-94,1.000
2,2016-01-22-106,2.800
2,2016-01-22-118,3.280
2,2016-01-22-130,2.280
2,2016-01-22-142,2.280
3,2016-01-22-46,0.000
3,2016-01-22-58,1.000
3,2016-01-22-70,1.900
3,2016-01-22-82,1.000
3,2016-01-22-94,1.000
3,2016-01-22-106,3.380
3,2016-01-22-118,1.000
3,2016-01-22-130,0.000
3,2016-01-22-142,0.000
4,2016-01-22-46,4.280
4,2016-01-22-58,78.360
4,2016-01-22-70,10.080
4,2016-01-22-82,18.080
4,2016-01-22-94,9.080
4,2016-01-22-106,14.080
4,2016-01-22-118,19.080
4,2016-01-22-130,2.280
4,2016-01-22-142,1.000
5,2016-01-22-46,0.000
5,2016-01-22-58,3.000
5,2016-01-22-70,1.000
5,2016-01-22-82,0.000
5,2016-01-22-94,0.000
5,2016-01-22-106,0.000
5,2016-01-22-118,0.000
5,2016-01-22-130,0.000
5,2016-01-22-142,0.000
6,2016-01-22-46,2.380
6,2016-01-22-58,35.660
6,2016-01-22-70,17.380
6,2016-01-22-82,14.380
6,2016-01-22-94,3.180
6,2016-01-22-106,1.000
6,2016-01-22-118,1.000
6,2016-01-22-130,1.000
6,2016-01-22-142,0.100
7,2016-01-22-46,27.360
7,2016-01-22-58,12.960
7,2016-01-22-70,8.960
7,2016-01-22-82,65.248
7,2016-01-22-94,160.248
7,2016-01-22-106,714.248
7,2016-01-22-118,53.248
7,2016-01-22-130,165.248
7,2016-01-22-142,6.080
8,2016-01-22-46,255.368
8,2016-01-22-58,183.248
8,2016-01-22-70,66.248
8,2016-01-22-82,125.248
8,2016-01-22-94,121.248
8,2016-01-22-106,323.248
8,2016-01-22-118,33.248
8,2016-01-22-130,212.248
8,2016-01-22-142,14.080
9,2016-01-22-46,1.000
9,2016-01-22-58,3.280
9,2016-01-22-70,1.000
9,2016-01-22-82,2.280
9,2016-01-22-94,2.280
9,2016-01-22-106,4.080
9,2016-01-22-118,4.080
9,2016-01-22-130,1.900
9,2016-01-22-142,2.000
10,2016-01-22-46,1.000
10,2016-01-22-58,8.380
10,2016-01-22-70,1.000
10,2016-01-22-82,2.000
10,2016-01-22-94,1.000
10,2016-01-22-106,0.000
10,2016-01-22-118,0.000
10,2016-01-22-130,0.000
10,2016-01-22-142,2.000
11,2016-01-22-46,2.800
11,2016-01-22-58,1.000
11,2016-01-22-70,1.000
11,2016-01-22-82,4.080
11,2016-01-22-94,2.000
11,2016-01-22-106,3.800
11,2016-01-22-118,2.800
11,2016-01-22-130,1.000
11,2016-01-22-142,1.000
12,2016-01-22-46,2.280
12,2016-01-22-58,3.800
12,2016-01-22-70,2.800
12,2016-01-22-82,9.080
12,2016-01-22-94,5.080
12,2016-01-22-106,14.960
12,2016-01-22-118,8.080
12,2016-01-22-130,9.080
12,2016-01-22-142,18.560
13,2016-01-22-46,1.000
13,2016-01-22-58,5.380
13,2016-01-22-70,0.100
13,2016-01-22-82,1.000
13,2016-01-22-94,0.100
13,2016-01-22-106,1.000
13,2016-01-22-118,1.900
13,2016-01-22-130,1.000
13,2016-01-22-142,1.100
14,2016-01-22-46,39.360
14,2016-01-22-58,8.080
14,2016-01-22-70,1.900
14,2016-01-22-82,2.800
14,2016-01-22-94,8.080
14,2016-01-22-106,68.360
14,2016-01-22-118,7.080
14,2016-01-22-130,15.080
14,2016-01-22-142,10.080
15,2016-01-22-46,0.000
15,2016-01-22-58,0.000
15,2016-01-22-70,0.000
15,2016-01-22-82,0.000
15,2016-01-22-94,0.000
15,2016-01-22-106,0.000
15,2016-01-22-118,7.000
15,2016-01-22-130,0.000
15,2016-01-22-142,0.000
16,2016-01-22-46,1.000
16,2016-01-22-58,8.380
16,2016-01-22-70,1.100
16,2016-01-22-82,5.280
16,2016-01-22-94,2.000
16,2016-01-22-106,1.000
16,2016-01-22-118,1.000
16,2016-01-22-130,0.100
16,2016-01-22-142,1.000
17,2016-01-22-46,0.100
17,2016-01-22-58,1.100
17,2016-01-22-70,0.100
17,2016-01-22-82,0.100
17,2016-01-22-94,0.090
17,2016-01-22-106,1.000
17,2016-01-22-118,0.100
17,2016-01-22-130,0.090
17,2016-01-22-142,1.100
18,2016-01-22-46,0.100
18,2016-01-22-58,5.280
18,2016-01-22-70,1.100
18,2016-01-22-82,6.280
18,2016-01-22-94,2.280
18,2016-01-22-106,1.100
18,2016-01-22-118,1.000
18,2016-01-22-130,1.000
18,2016-01-22-142,2.380
19,2016-01-22-46,2.000
19,2016-01-22-58,1.900
19,2016-01-22-70,4.080
19,2016-01-22-82,1.000
19,2016-01-22-94,1.000
19,2016-01-22-106,6.080
19,2016-01-22-118,3.800
19,2016-01-22-130,4.080
19,2016-01-22-142,2.000
20,2016-01-22-46,2.800
20,2016-01-22-58,6.080
20,2016-01-22-70,5.080
20,2016-01-22-82,6.080
20,2016-01-22-94,4.280
20,2016-01-22-106,15.080
20,2016-01-22-118,9.280
20,2016-01-22-130,5.280
20,2016-01-22-142,2.280
21,2016-01-22-46,1.000
21,2016-01-22-58,1.000
21,2016-01-22-70,1.000
21,2016-01-22-82,3.280
21,2016-01-22-94,2.000
21,2016-01-22-106,8.080
21,2016-01-22-118,4.080
21,2016-01-22-130,6.280
21,2016-01-22-142,1.380
22,2016-01-22-46,6.280
22,2016-01-22-58,8.080
22,2016-01-22-70,15.080
22,2016-01-22-82,15.080
22,2016-01-22-94,16.280
22,2016-01-22-106,27.360
22,2016-01-22-118,29.360
22,2016-01-22-130,14.080
22,2016-01-22-142,21.560
23,2016-01-22-46,72.248
23,2016-01-22-58,134.248
23,2016-01-22-70,73.248
23,2016-01-22-82,37.248
23,2016-01-22-94,54.248
23,2016-01-22-106,202.248
23,2016-01-22-118,11.960
23,2016-01-22-130,135.248
23,2016-01-22-142,36.248
24,2016-01-22-46,16.080
24,2016-01-22-58,105.360
24,2016-01-22-70,78.368
24,2016-01-22-82,68.368
24,2016-01-22-94,15.080
24,2016-01-22-106,6.060
24,2016-01-22-118,1.900
24,2016-01-22-130,5.080
24,2016-01-22-142,3.800
25,2016-01-22-46,1.000
25,2016-01-22-58,42.560
25,2016-01-22-70,5.080
25,2016-01-22-82,1.000
25,2016-01-22-94,2.800
25,2016-01-22-106,2.800
25,2016-01-22-118,2.000
25,2016-01-22-130,2.800
25,2016-01-22-142,1.000
26,2016-01-22-46,0.100
26,2016-01-22-58,88.560
26,2016-01-22-70,5.280
26,2016-01-22-82,20.660
26,2016-01-22-94,10.280
26,2016-01-22-106,39.560
26,2016-01-22-118,116.560
26,2016-01-22-130,4.280
26,2016-01-22-142,2.380
27,2016-01-22-46,7.280
27,2016-01-22-58,10.080
27,2016-01-22-70,10.080
27,2016-01-22-82,15.080
27,2016-01-22-94,15.080
27,2016-01-22-106,20.960
27,2016-01-22-118,6.080
27,2016-01-22-130,2.800
27,2016-01-22-142,6.280
28,2016-01-22-46,6.080
28,2016-01-22-58,10.960
28,2016-01-22-70,6.080
28,2016-01-22-82,4.080
28,2016-01-22-94,8.080
28,2016-01-22-106,42.248
28,2016-01-22-118,16.960
28,2016-01-22-130,166.368
28,2016-01-22-142,37.368
29,2016-01-22-46,2.800
29,2016-01-22-58,8.080
29,2016-01-22-70,15.080
29,2016-01-22-82,6.080
29,2016-01-22-94,1.000
29,2016-01-22-106,8.080
29,2016-01-22-118,1.900
29,2016-01-22-130,1.000
29,2016-01-22-142,1.000
30,2016-01-22-46,0.010
30,2016-01-22-58,2.380
30,2016-01-22-70,1.000
30,2016-01-22-82,0.000
30,2016-01-22-94,0.000
30,2016-01-22-106,0.000
30,2016-01-22-118,0.090
30,2016-01-22-130,1.000
30,2016-01-22-142,1.000
31,2016-01-22-46,1.380
31,2016-01-22-58,4.380
31,2016-01-22-70,7.280
31,2016-01-22-82,0.100
31,2016-01-22-94,2.000
31,2016-01-22-106,2.000
31,2016-01-22-118,2.380
31,2016-01-22-130,0.990
31,2016-01-22-142,2.380
32,2016-01-22-46,0.000
32,2016-01-22-58,0.000
32,2016-01-22-70,1.000
32,2016-01-22-82,0.000
32,2016-01-22-94,0.000
32,2016-01-22-106,1.000
32,2016-01-22-118,0.000
32,2016-01-22-130,0.000
32,2016-01-22-142,1.000
33,2016-01-22-46,1.900
33,2016-01-22-58,1.000
33,2016-01-22-70,2.000
33,2016-01-22-82,6.380
33,2016-01-22-94,0.100
33,2016-01-22-106,2.280
33,2016-01-22-118,1.000
33,2016-01-22-130,0.100
33,2016-01-22-142,1.100
34,2016-01-22-46,0.010
34,2016-01-22-58,0.100
34,2016-01-22-70,1.380
34,2016-01-22-82,0.100
34,2016-01-22-94,1.000
34,2016-01-22-106,0.100
34,2016-01-22-118,0.000
34,2016-01-22-130,0.090
34,2016-01-22-142,1.000
35,2016-01-22-46,0.090
35,2016-01-22-58,1.000
35,2016-01-22-70,0.990
35,2016-01-22-82,9.380
35,2016-01-22-94,1.100
35,2016-01-22-106,19.660
35,2016-01-22-118,9.380
35,2016-01-22-130,1.100
35,2016-01-22-142,1.000
36,2016-01-22-46,2.280
36,2016-01-22-58,1.380
36,2016-01-22-70,1.000
36,2016-01-22-82,1.100
36,2016-01-22-94,1.100
36,2016-01-22-106,1.380
36,2016-01-22-118,1.100
36,2016-01-22-130,0.100
36,2016-01-22-142,1.000
37,2016-01-22-46,67.368
37,2016-01-22-58,387.248
37,2016-01-22-70,40.368
37,2016-01-22-82,109.248
37,2016-01-22-94,69.368
37,2016-01-22-106,218.248
37,2016-01-22-118,8.080
37,2016-01-22-130,41.368
37,2016-01-22-142,9.080
38,2016-01-22-46,1.000
38,2016-01-22-58,3.280
38,2016-01-22-70,2.380
38,2016-01-22-82,1.000
38,2016-01-22-94,1.000
38,2016-01-22-106,1.000
38,2016-01-22-118,1.000
38,2016-01-22-130,4.280
38,2016-01-22-142,1.000
39,2016-01-22-46,1.000
39,2016-01-22-58,3.000
39,2016-01-22-70,0.000
39,2016-01-22-82,0.000
39,2016-01-22-94,1.000
39,2016-01-22-106,0.000
39,2016-01-22-118,0.000
39,2016-01-22-130,4.000
39,2016-01-22-142,2.000
40,2016-01-22-46,1.000
40,2016-01-22-58,1.380
40,2016-01-22-70,1.100
40,2016-01-22-82,1.100
40,2016-01-22-94,0.000
40,2016-01-22-106,0.990
40,2016-01-22-118,0.090
40,2016-01-22-130,0.100
40,2016-01-22-142,2.380
41,2016-01-22-46,1.100
41,2016-01-22-58,12.380
41,2016-01-22-70,4.380
41,2016-01-22-82,0.090
41,2016-01-22-94,2.280
41,2016-01-22-106,1.900
41,2016-01-22-118,0.100
41,2016-01-22-130,0.090
41,2016-01-22-142,0.090
42,2016-01-22-46,6.080
42,2016-01-22-58,5.080
42,2016-01-22-70,16.080
42,2016-01-22-82,4.080
42,2016-01-22-94,3.800
42,2016-01-22-106,8.960
42,2016-01-22-118,6.060
42,2016-01-22-130,6.060
42,2016-01-22-142,56.360
43,2016-01-22-46,0.000
43,2016-01-22-58,0.000
43,2016-01-22-70,1.100
43,2016-01-22-82,0.000
43,2016-01-22-94,1.100
43,2016-01-22-106,4.100
43,2016-01-22-118,1.100
43,2016-01-22-130,0.000
43,2016-01-22-142,0.000
44,2016-01-22-46,0.000
44,2016-01-22-58,2.000
44,2016-01-22-70,0.000
44,2016-01-22-82,0.000
44,2016-01-22-94,1.000
44,2016-01-22-106,2.000
44,2016-01-22-118,0.000
44,2016-01-22-130,0.000
44,2016-01-22-142,0.000
45,2016-01-22-46,0.000
45,2016-01-22-58,0.000
45,2016-01-22-70,1.000
45,2016-01-22-82,8.000
45,2016-01-22-94,1.000
45,2016-01-22-106,0.000
45,2016-01-22-118,0.000
45,2016-01-22-130,1.000
45,2016-01-22-142,0.000
46,2016-01-22-46,34.368
46,2016-01-22-58,147.368
46,2016-01-22-70,37.360
46,2016-01-22-82,3.800
46,2016-01-22-94,4.080
46,2016-01-22-106,13.960
46,2016-01-22-118,4.780
46,2016-01-22-130,10.080
46,2016-01-22-142,5.080
47,2016-01-22-46,1.890
47,2016-01-22-58,4.180
47,2016-01-22-70,5.280
47,2016-01-22-82,5.280
47,2016-01-22-94,1.000
47,2016-01-22-106,1.000
47,2016-01-22-118,1.890
47,2016-01-22-130,1.000
47,2016-01-22-142,1.100
48,2016-01-22-46,16.960
48,2016-01-22-58,13.960
48,2016-01-22-70,9.960
48,2016-01-22-82,12.960
48,2016-01-22-94,119.248
48,2016-01-22-106,416.248
48,2016-01-22-118,34.248
48,2016-01-22-130,185.248
48,2016-01-22-142,48.360
49,2016-01-22-46,0.000
49,2016-01-22-58,1.000
49,2016-01-22-70,1.000
49,2016-01-22-82,0.090
49,2016-01-22-94,1.000
49,2016-01-22-106,0.090
49,2016-01-22-118,0.090
49,2016-01-22-130,1.000
49,2016-01-22-142,0.090
50,2016-01-22-46,0.000
50,2016-01-22-58,0.000
50,2016-01-22-70,0.000
50,2016-01-22-82,0.000
50,2016-01-22-94,0.000
50,2016-01-22-106,0.000
50,2016-01-22-118,0.000
50,2016-01-22-130,0.000
50,2016-01-22-142,0.000
51,2016-01-22-46,14.960
51,2016-01-22-58,12.960
51,2016-01-22-70,14.960
51,2016-01-22-82,11.960
51,2016-01-22-94,123.248
51,2016-01-22-106,969.248
51,2016-01-22-118,99.248
51,2016-01-22-130,765.248
51,2016-01-22-142,305.248
52,2016-01-22-46,0.000
52,2016-01-22-58,2.100
52,2016-01-22-70,0.000
52,2016-01-22-82,0.000
52,2016-01-22-94,0.000
52,2016-01-22-106,0.000
52,2016-01-22-118,0.000
52,2016-01-22-130,0.000
52,2016-01-22-142,0.000
53,2016-01-22-46,0.090
53,2016-01-22-58,13.280
53,2016-01-22-70,3.380
53,2016-01-22-82,1.380
53,2016-01-22-94,0.090
53,2016-01-22-106,7.280
53,2016-01-22-118,2.280
53,2016-01-22-130,2.000
53,2016-01-22-142,0.090
54,2016-01-22-46,0.500
54,2016-01-22-58,1.000
54,2016-01-22-70,0.500
54,2016-01-22-82,0.500
54,2016-01-22-94,0.500
54,2016-01-22-106,0.500
54,2016-01-22-118,0.500
54,2016-01-22-130,0.500
54,2016-01-22-142,1.000
55,2016-01-22-46,0.000
55,2016-01-22-58,1.000
55,2016-01-22-70,2.000
55,2016-01-22-82,0.000
55,2016-01-22-94,0.000
55,2016-01-22-106,0.000
55,2016-01-22-118,0.000
55,2016-01-22-130,0.000
55,2016-01-22-142,0.000
56,2016-01-22-46,0.000
56,2016-01-22-58,1.000
56,2016-01-22-70,1.000
56,2016-01-22-82,0.000
56,2016-01-22-94,0.090
56,2016-01-22-106,0.090
56,2016-01-22-118,0.090
56,2016-01-22-130,2.380
56,2016-01-22-142,1.000
57,2016-01-22-46,1.000
57,2016-01-22-58,3.280
57,2016-01-22-70,1.000
57,2016-01-22-82,1.000
57,2016-01-22-94,2.000
57,2016-01-22-106,1.000
57,2016-01-22-118,1.000
57,2016-01-22-130,0.100
57,2016-01-22-142,0.100
58,2016-01-22-46,0.000
58,2016-01-22-58,2.380
58,2016-01-22-70,1.000
58,2016-01-22-82,6.000
58,2016-01-22-94,2.000
58,2016-01-22-106,0.000
58,2016-01-22-118,0.010
58,2016-01-22-130,1.000
58,2016-01-22-142,1.000
59,2016-01-22-46,5.380
59,2016-01-22-58,0.010
59,2016-01-22-70,0.000
59,2016-01-22-82,0.000
59,2016-01-22-94,0.000
59,2016-01-22-106,0.000
59,2016-01-22-118,1.000
59,2016-01-22-130,1.380
59,2016-01-22-142,1.000
60,2016-01-22-46,0.000
60,2016-01-22-58,0.000
60,2016-01-22-70,1.000
60,2016-01-22-82,1.000
60,2016-01-22-94,0.000
60,2016-01-22-106,0.000
60,2016-01-22-118,1.000
60,2016-01-22-130,4.000
60,2016-01-22-142,0.000
61,2016-01-22-46,0.000
61,2016-01-22-58,1.000
61,2016-01-22-70,0.000
61,2016-01-22-82,1.000
61,2016-01-22-94,0.000
61,2016-01-22-106,0.900
61,2016-01-22-118,0.000
61,2016-01-22-130,0.000
61,2016-01-22-142,0.000
62,2016-01-22-46,2.000
62,2016-01-22-58,0.000
62,2016-01-22-70,1.000
62,2016-01-22-82,0.000
62,2016-01-22-94,0.000
62,2016-01-22-106,2.000
62,2016-01-22-118,3.000
62,2016-01-22-130,4.000
62,2016-01-22-142,2.000
63,2016-01-22-46,1.000
63,2016-01-22-58,0.000
63,2016-01-22-70,0.000
63,2016-01-22-82,0.000
63,2016-01-22-94,0.000
63,2016-01-22-106,0.000
63,2016-01-22-118,0.000
63,2016-01-22-130,0.000
63,2016-01-22-142,0.000
64,2016-01-22-46,0.100
64,2016-01-22-58,1.000
64,2016-01-22-70,1.000
64,2016-01-22-82,1.000
64,2016-01-22-94,1.000
64,2016-01-22-106,1.000
64,2016-01-22-118,1.000
64,2016-01-22-130,2.000
64,2016-01-22-142,0.090
65,2016-01-22-46,0.090
65,2016-01-22-58,2.380
65,2016-01-22-70,0.100
65,2016-01-22-82,1.100
65,2016-01-22-94,0.090
65,2016-01-22-106,0.100
65,2016-01-22-118,0.090
65,2016-01-22-130,0.990
65,2016-01-22-142,0.090
66,2016-01-22-46,1.000
66,2016-01-22-58,1.000
66,2016-01-22-70,0.990
66,2016-01-22-82,0.990
66,2016-01-22-94,0.090
66,2016-01-22-106,1.000
66,2016-01-22-118,1.000
66,2016-01-22-130,0.090
66,2016-01-22-142,1.000
1,2016-01-24-58,2.890
1,2016-01-24-70,9.080
1,2016-01-24-82,5.080
1,2016-01-24-94,9.080
1,2016-01-24-106,11.080
1,2016-01-24-118,13.080
1,2016-01-24-130,10.080
1,2016-01-24-142,14.080
2,2016-01-24-58,1.000
2,2016-01-24-70,1.000
2,2016-01-24-82,1.900
2,2016-01-24-94,1.000
2,2016-01-24-106,2.800
2,2016-01-24-118,1.900
2,2016-01-24-130,1.000
2,2016-01-24-142,1.000
3,2016-01-24-58,1.000
3,2016-01-24-70,0.090
3,2016-01-24-82,0.090
3,2016-01-24-94,1.000
3,2016-01-24-106,2.000
3,2016-01-24-118,0.100
3,2016-01-24-130,1.000
3,2016-01-24-142,3.000
4,2016-01-24-58,2.000
4,2016-01-24-70,7.000
4,2016-01-24-82,8.000
4,2016-01-24-94,3.800
4,2016-01-24-106,3.800
4,2016-01-24-118,5.000
4,2016-01-24-130,20.000
4,2016-01-24-142,1.000
5,2016-01-24-58,0.000
5,2016-01-24-70,3.000
5,2016-01-24-82,2.000
5,2016-01-24-94,1.000
5,2016-01-24-106,0.000
5,2016-01-24-118,0.000
5,2016-01-24-130,0.000
5,2016-01-24-142,0.919
6,2016-01-24-58,12.000
6,2016-01-24-70,9.000
6,2016-01-24-82,2.000
6,2016-01-24-94,1.000
6,2016-01-24-106,2.000
6,2016-01-24-118,1.000
6,2016-01-24-130,1.000
6,2016-01-24-142,1.000
7,2016-01-24-58,26.088
7,2016-01-24-70,20.088
7,2016-01-24-82,21.088
7,2016-01-24-94,8.088
7,2016-01-24-106,12.088
7,2016-01-24-118,12.088
7,2016-01-24-130,17.088
7,2016-01-24-142,8.088
8,2016-01-24-58,66.568
8,2016-01-24-70,100.568
8,2016-01-24-82,52.568
8,2016-01-24-94,15.088
8,2016-01-24-106,11.088
8,2016-01-24-118,9.088
8,2016-01-24-130,65.568
8,2016-01-24-142,7.088
9,2016-01-24-58,3.800
9,2016-01-24-70,8.800
9,2016-01-24-82,1.900
9,2016-01-24-94,1.900
9,2016-01-24-106,2.800
9,2016-01-24-118,5.800
9,2016-01-24-130,4.800
9,2016-01-24-142,2.000
10,2016-01-24-58,1.000
10,2016-01-24-70,0.000
10,2016-01-24-82,0.009
10,2016-01-24-94,2.000
10,2016-01-24-106,1.000
10,2016-01-24-118,2.919
10,2016-01-24-130,0.009
10,2016-01-24-142,0.000
11,2016-01-24-58,1.800
11,2016-01-24-70,4.000
11,2016-01-24-82,3.000
11,2016-01-24-94,1.900
11,2016-01-24-106,1.900
11,2016-01-24-118,1.900
11,2016-01-24-130,3.000
11,2016-01-24-142,1.800
12,2016-01-24-58,3.080
12,2016-01-24-70,12.080
12,2016-01-24-82,6.080
12,2016-01-24-94,5.080
12,2016-01-24-106,7.080
12,2016-01-24-118,6.080
12,2016-01-24-130,11.080
12,2016-01-24-142,7.080
13,2016-01-24-58,1.000
13,2016-01-24-70,4.000
13,2016-01-24-82,0.090
13,2016-01-24-94,0.100
13,2016-01-24-106,1.000
13,2016-01-24-118,0.090
13,2016-01-24-130,0.090
13,2016-01-24-142,0.090
14,2016-01-24-58,12.080
14,2016-01-24-70,35.560
14,2016-01-24-82,5.080
14,2016-01-24-94,8.080
14,2016-01-24-106,3.080
14,2016-01-24-118,8.080
14,2016-01-24-130,3.080
14,2016-01-24-142,6.080
15,2016-01-24-58,0.000
15,2016-01-24-70,0.000
15,2016-01-24-82,0.000
15,2016-01-24-94,1.000
15,2016-01-24-106,0.000
15,2016-01-24-118,0.000
15,2016-01-24-130,0.000
15,2016-01-24-142,0.000
16,2016-01-24-58,0.090
16,2016-01-24-70,3.000
16,2016-01-24-82,1.000
16,2016-01-24-94,0.100
16,2016-01-24-106,2.000
16,2016-01-24-118,1.000
16,2016-01-24-130,0.090
16,2016-01-24-142,0.090
17,2016-01-24-58,0.090
17,2016-01-24-70,2.000
17,2016-01-24-82,1.000
17,2016-01-24-94,0.100
17,2016-01-24-106,1.000
17,2016-01-24-118,0.090
17,2016-01-24-130,1.000
17,2016-01-24-142,1.000
18,2016-01-24-58,3.000
18,2016-01-24-70,3.000
18,2016-01-24-82,1.000
18,2016-01-24-94,1.000
18,2016-01-24-106,1.000
18,2016-01-24-118,1.000
18,2016-01-24-130,2.000
18,2016-01-24-142,9.000
19,2016-01-24-58,1.900
19,2016-01-24-70,4.000
19,2016-01-24-82,3.000
19,2016-01-24-94,2.000
19,2016-01-24-106,5.000
19,2016-01-24-118,1.900
19,2016-01-24-130,7.000
19,2016-01-24-142,2.000
20,2016-01-24-58,6.000
20,2016-01-24-70,22.000
20,2016-01-24-82,2.000
20,2016-01-24-94,7.000
20,2016-01-24-106,3.000
20,2016-01-24-118,7.000
20,2016-01-24-130,4.000
20,2016-01-24-142,4.000
21,2016-01-24-58,3.000
21,2016-01-24-70,4.000
21,2016-01-24-82,3.000
21,2016-01-24-94,2.000
21,2016-01-24-106,8.000
21,2016-01-24-118,8.000
21,2016-01-24-130,2.000
21,2016-01-24-142,1.000
22,2016-01-24-58,12.000
22,2016-01-24-70,13.000
22,2016-01-24-82,8.000
22,2016-01-24-94,15.000
22,2016-01-24-106,36.480
22,2016-01-24-118,33.480
22,2016-01-24-130,17.000
22,2016-01-24-142,7.000
23,2016-01-24-58,65.568
23,2016-01-24-70,75.568
23,2016-01-24-82,27.088
23,2016-01-24-94,12.088
23,2016-01-24-106,18.088
23,2016-01-24-118,9.088
23,2016-01-24-130,160.568
23,2016-01-24-142,19.088
24,2016-01-24-58,83.480
24,2016-01-24-70,91.480
24,2016-01-24-82,16.000
24,2016-01-24-94,4.000
24,2016-01-24-106,6.000
24,2016-01-24-118,12.000
24,2016-01-24-130,14.000
24,2016-01-24-142,6.000
25,2016-01-24-58,1.800
25,2016-01-24-70,1.900
25,2016-01-24-82,2.000
25,2016-01-24-94,1.900
25,2016-01-24-106,4.000
25,2016-01-24-118,1.900
25,2016-01-24-130,1.900
25,2016-01-24-142,3.000
26,2016-01-24-58,6.800
26,2016-01-24-70,40.480
26,2016-01-24-82,6.000
26,2016-01-24-94,3.000
26,2016-01-24-106,1.000
26,2016-01-24-118,1.000
26,2016-01-24-130,2.000
26,2016-01-24-142,1.000
27,2016-01-24-58,18.080
27,2016-01-24-70,24.080
27,2016-01-24-82,17.000
27,2016-01-24-94,19.080
27,2016-01-24-106,10.080
27,2016-01-24-118,5.080
27,2016-01-24-130,8.080
27,2016-01-24-142,12.000
28,2016-01-24-58,3.080
28,2016-01-24-70,17.080
28,2016-01-24-82,8.080
28,2016-01-24-94,8.080
28,2016-01-24-106,9.080
28,2016-01-24-118,10.080
28,2016-01-24-130,17.080
28,2016-01-24-142,32.480
29,2016-01-24-58,16.000
29,2016-01-24-70,14.000
29,2016-01-24-82,8.800
29,2016-01-24-94,2.800
29,2016-01-24-106,2.000
29,2016-01-24-118,4.000
29,2016-01-24-130,3.000
29,2016-01-24-142,3.000
30,2016-01-24-58,0.090
30,2016-01-24-70,4.000
30,2016-01-24-82,0.090
30,2016-01-24-94,1.000
30,2016-01-24-106,0.090
30,2016-01-24-118,0.009
30,2016-01-24-130,1.000
30,2016-01-24-142,0.000
31,2016-01-24-58,10.000
31,2016-01-24-70,2.800
31,2016-01-24-82,4.000
31,2016-01-24-94,1.000
31,2016-01-24-106,1.000
31,2016-01-24-118,5.000
31,2016-01-24-130,1.000
31,2016-01-24-142,6.000
32,2016-01-24-58,0.000
32,2016-01-24-70,0.000
32,2016-01-24-82,0.000
32,2016-01-24-94,0.000
32,2016-01-24-106,1.000
32,2016-01-24-118,1.000
32,2016-01-24-130,1.000
32,2016-01-24-142,0.000
33,2016-01-24-58,0.090
33,2016-01-24-70,1.000
33,2016-01-24-82,1.000
33,2016-01-24-94,0.100
33,2016-01-24-106,1.000
33,2016-01-24-118,1.000
33,2016-01-24-130,1.000
33,2016-01-24-142,2.000
34,2016-01-24-58,1.000
34,2016-01-24-70,3.000
34,2016-01-24-82,2.000
34,2016-01-24-94,1.000
34,2016-01-24-106,1.000
34,2016-01-24-118,0.100
34,2016-01-24-130,2.000
34,2016-01-24-142,0.090
35,2016-01-24-58,3.000
35,2016-01-24-70,0.090
35,2016-01-24-82,0.090
35,2016-01-24-94,1.000
35,2016-01-24-106,1.000
35,2016-01-24-118,0.100
35,2016-01-24-130,0.090
35,2016-01-24-142,0.090
36,2016-01-24-58,1.000
36,2016-01-24-70,1.000
36,2016-01-24-82,0.090
36,2016-01-24-94,3.000
36,2016-01-24-106,0.090
36,2016-01-24-118,1.000
36,2016-01-24-130,0.090
36,2016-01-24-142,0.090
37,2016-01-24-58,47.560
37,2016-01-24-70,168.560
37,2016-01-24-82,54.560
37,2016-01-24-94,7.080
37,2016-01-24-106,8.088
37,2016-01-24-118,4.080
37,2016-01-24-130,15.080
37,2016-01-24-142,4.080
38,2016-01-24-58,2.000
38,2016-01-24-70,7.000
38,2016-01-24-82,3.000
38,2016-01-24-94,1.000
38,2016-01-24-106,1.000
38,2016-01-24-118,2.800
38,2016-01-24-130,1.000
38,2016-01-24-142,1.000
39,2016-01-24-58,1.000
39,2016-01-24-70,2.000
39,2016-01-24-82,0.000
39,2016-01-24-94,0.000
39,2016-01-24-106,1.000
39,2016-01-24-118,0.000
39,2016-01-24-130,5.919
39,2016-01-24-142,0.000
40,2016-01-24-58,3.000
40,2016-01-24-70,3.000
40,2016-01-24-82,2.000
40,2016-01-24-94,0.919
40,2016-01-24-106,2.000
40,2016-01-24-118,1.000
40,2016-01-24-130,6.000
40,2016-01-24-142,1.000
41,2016-01-24-58,7.000
41,2016-01-24-70,5.000
41,2016-01-24-82,0.100
41,2016-01-24-94,1.000
41,2016-01-24-106,1.000
41,2016-01-24-118,1.000
41,2016-01-24-130,7.000
41,2016-01-24-142,0.090
42,2016-01-24-58,17.080
42,2016-01-24-70,9.080
42,2016-01-24-82,4.080
42,2016-01-24-94,5.080
42,2016-01-24-106,7.080
42,2016-01-24-118,4.080
42,2016-01-24-130,9.080
42,2016-01-24-142,2.890
43,2016-01-24-58,1.000
43,2016-01-24-70,0.009
43,2016-01-24-82,1.919
43,2016-01-24-94,0.009
43,2016-01-24-106,0.009
43,2016-01-24-118,0.009
43,2016-01-24-130,4.919
43,2016-01-24-142,3.000
44,2016-01-24-58,0.000
44,2016-01-24-70,0.000
44,2016-01-24-82,0.000
44,2016-01-24-94,0.000
44,2016-01-24-106,1.000
44,2016-01-24-118,0.000
44,2016-01-24-130,0.000
44,2016-01-24-142,0.000
45,2016-01-24-58,1.000
45,2016-01-24-70,3.919
45,2016-01-24-82,5.000
45,2016-01-24-94,0.009
45,2016-01-24-106,0.000
45,2016-01-24-118,0.009
45,2016-01-24-130,0.009
45,2016-01-24-142,0.000
46,2016-01-24-58,70.480
46,2016-01-24-70,132.560
46,2016-01-24-82,40.480
46,2016-01-24-94,2.000
46,2016-01-24-106,6.080
46,2016-01-24-118,5.080
46,2016-01-24-130,8.080
46,2016-01-24-142,3.000
47,2016-01-24-58,1.000
47,2016-01-24-70,4.000
47,2016-01-24-82,4.000
47,2016-01-24-94,1.000
47,2016-01-24-106,1.000
47,2016-01-24-118,3.000
47,2016-01-24-130,1.000
47,2016-01-24-142,1.000
48,2016-01-24-58,10.088
48,2016-01-24-70,9.088
48,2016-01-24-82,17.088
48,2016-01-24-94,18.088
48,2016-01-24-106,138.568
48,2016-01-24-118,10.088
48,2016-01-24-130,58.568
48,2016-01-24-142,18.088
49,2016-01-24-58,6.000
49,2016-01-24-70,0.090
49,2016-01-24-82,0.090
49,2016-01-24-94,0.090
49,2016-01-24-106,0.090
49,2016-01-24-118,3.000
49,2016-01-24-130,1.000
49,2016-01-24-142,0.090
50,2016-01-24-58,1.000
50,2016-01-24-70,2.000
50,2016-01-24-82,0.910
50,2016-01-24-94,0.000
50,2016-01-24-106,0.090
50,2016-01-24-118,0.000
50,2016-01-24-130,0.000
50,2016-01-24-142,0.000
51,2016-01-24-58,14.088
51,2016-01-24-70,11.088
51,2016-01-24-82,15.088
51,2016-01-24-94,13.088
51,2016-01-24-106,48.568
51,2016-01-24-118,35.568
51,2016-01-24-130,621.568
51,2016-01-24-142,50.568
52,2016-01-24-58,0.000
52,2016-01-24-70,0.000
52,2016-01-24-82,0.000
52,2016-01-24-94,0.000
52,2016-01-24-106,0.000
52,2016-01-24-118,1.000
52,2016-01-24-130,0.000
52,2016-01-24-142,0.000
53,2016-01-24-58,4.000
53,2016-01-24-70,3.000
53,2016-01-24-82,0.090
53,2016-01-24-94,0.090
53,2016-01-24-106,1.000
53,2016-01-24-118,1.000
53,2016-01-24-130,1.000
53,2016-01-24-142,3.000
54,2016-01-24-58,0.500
54,2016-01-24-70,0.500
54,2016-01-24-82,1.000
54,2016-01-24-94,1.000
54,2016-01-24-106,1.000
54,2016-01-24-118,1.000
54,2016-01-24-130,0.500
54,2016-01-24-142,2.000
55,2016-01-24-58,0.000
55,2016-01-24-70,2.000
55,2016-01-24-82,0.000
55,2016-01-24-94,0.000
55,2016-01-24-106,0.090
55,2016-01-24-118,0.000
55,2016-01-24-130,0.000
55,2016-01-24-142,4.000
56,2016-01-24-58,2.000
56,2016-01-24-70,2.000
56,2016-01-24-82,0.090
56,2016-01-24-94,0.100
56,2016-01-24-106,0.090
56,2016-01-24-118,4.000
56,2016-01-24-130,6.000
56,2016-01-24-142,0.000
57,2016-01-24-58,1.000
57,2016-01-24-70,1.000
57,2016-01-24-82,1.000
57,2016-01-24-94,1.000
57,2016-01-24-106,1.000
57,2016-01-24-118,1.000
57,2016-01-24-130,1.000
57,2016-01-24-142,0.100
58,2016-01-24-58,1.000
58,2016-01-24-70,1.000
58,2016-01-24-82,1.000
58,2016-01-24-94,2.000
58,2016-01-24-106,0.090
58,2016-01-24-118,2.000
58,2016-01-24-130,1.000
58,2016-01-24-142,0.000
59,2016-01-24-58,0.000
59,2016-01-24-70,1.000
59,2016-01-24-82,3.000
59,2016-01-24-94,0.000
59,2016-01-24-106,0.090
59,2016-01-24-118,0.090
59,2016-01-24-130,0.000
59,2016-01-24-142,2.000
60,2016-01-24-58,0.000
60,2016-01-24-70,1.000
60,2016-01-24-82,0.000
60,2016-01-24-94,0.000
60,2016-01-24-106,0.000
60,2016-01-24-118,0.000
60,2016-01-24-130,0.000
60,2016-01-24-142,0.000
61,2016-01-24-58,0.000
61,2016-01-24-70,0.000
61,2016-01-24-82,1.000
61,2016-01-24-94,0.910
61,2016-01-24-106,0.910
61,2016-01-24-118,0.100
61,2016-01-24-130,1.000
61,2016-01-24-142,0.000
62,2016-01-24-58,0.000
62,2016-01-24-70,2.000
62,2016-01-24-82,1.000
62,2016-01-24-94,0.000
62,2016-01-24-106,6.000
62,2016-01-24-118,0.000
62,2016-01-24-130,4.000
62,2016-01-24-142,1.000
63,2016-01-24-58,0.000
63,2016-01-24-70,0.000
63,2016-01-24-82,2.000
63,2016-01-24-94,0.000
63,2016-01-24-106,0.000
63,2016-01-24-118,3.000
63,2016-01-24-130,0.000
63,2016-01-24-142,0.000
64,2016-01-24-58,1.000
64,2016-01-24-70,1.000
64,2016-01-24-82,2.000
64,2016-01-24-94,2.000
64,2016-01-24-106,1.000
64,2016-01-24-118,2.800
64,2016-01-24-130,1.000
64,2016-01-24-142,1.000
65,2016-01-24-58,3.000
65,2016-01-24-70,1.000
65,2016-01-24-82,1.000
65,2016-01-24-94,1.000
65,2016-01-24-106,1.000
65,2016-01-24-118,4.000
65,2016-01-24-130,1.000
65,2016-01-24-142,0.090
66,2016-01-24-58,1.000
66,2016-01-24-70,1.000
66,2016-01-24-82,0.090
66,2016-01-24-94,0.100
66,2016-01-24-106,1.000
66,2016-01-24-118,1.000
66,2016-01-24-130,0.100
66,2016-01-24-142,0.090
1,2016-01-26-46,2.479
1,2016-01-26-58,7.868
1,2016-01-26-70,9.123
1,2016-01-26-82,3.937
1,2016-01-26-94,8.868
1,2016-01-26-106,7.277
1,2016-01-26-118,8.277
1,2016-01-26-130,8.863
1,2016-01-26-142,7.022
2,2016-01-26-46,1.900
2,2016-01-26-58,2.800
2,2016-01-26-70,2.299
2,2016-01-26-82,1.460
2,2016-01-26-94,1.955
2,2016-01-26-106,1.493
2,2016-01-26-118,1.905
2,2016-01-26-130,1.900
2,2016-01-26-142,1.900
3,2016-01-26-46,0.100
3,2016-01-26-58,2.000
3,2016-01-26-70,1.100
3,2016-01-26-82,0.000
3,2016-01-26-94,1.100
3,2016-01-26-106,1.000
3,2016-01-26-118,0.100
3,2016-01-26-130,1.000
3,2016-01-26-142,0.000
4,2016-01-26-46,11.800
4,2016-01-26-58,81.861
4,2016-01-26-70,16.800
4,2016-01-26-82,13.174
4,2016-01-26-94,5.107
4,2016-01-26-106,3.653
4,2016-01-26-118,3.346
4,2016-01-26-130,15.670
4,2016-01-26-142,3.800
5,2016-01-26-46,0.000
5,2016-01-26-58,1.000
5,2016-01-26-70,0.000
5,2016-01-26-82,0.000
5,2016-01-26-94,0.000
5,2016-01-26-106,0.000
5,2016-01-26-118,0.000
5,2016-01-26-130,0.000
5,2016-01-26-142,0.000
6,2016-01-26-46,5.100
6,2016-01-26-58,38.100
6,2016-01-26-70,3.000
6,2016-01-26-82,1.000
6,2016-01-26-94,0.100
6,2016-01-26-106,4.100
6,2016-01-26-118,1.000
6,2016-01-26-130,1.000
6,2016-01-26-142,1.000
7,2016-01-26-46,64.751
7,2016-01-26-58,44.119
7,2016-01-26-70,31.119
7,2016-01-26-82,90.119
7,2016-01-26-94,89.119
7,2016-01-26-106,223.956
7,2016-01-26-118,62.363
7,2016-01-26-130,102.949
7,2016-01-26-142,4.758
8,2016-01-26-46,398.304
8,2016-01-26-58,310.474
8,2016-01-26-70,118.119
8,2016-01-26-82,185.474
8,2016-01-26-94,188.474
8,2016-01-26-106,119.119
8,2016-01-26-118,18.811
8,2016-01-26-130,167.474
8,2016-01-26-142,13.057
9,2016-01-26-46,1.000
9,2016-01-26-58,28.000
9,2016-01-26-70,7.000
9,2016-01-26-82,5.000
9,2016-01-26-94,7.000
9,2016-01-26-106,1.000
9,2016-01-26-118,2.293
9,2016-01-26-130,3.800
9,2016-01-26-142,1.000
10,2016-01-26-46,1.000
10,2016-01-26-58,0.000
10,2016-01-26-70,1.000
10,2016-01-26-82,0.000
10,2016-01-26-94,0.000
10,2016-01-26-106,0.000
10,2016-01-26-118,1.100
10,2016-01-26-130,2.100
10,2016-01-26-142,0.000
11,2016-01-26-46,1.900
11,2016-01-26-58,4.723
11,2016-01-26-70,7.800
11,2016-01-26-82,3.712
11,2016-01-26-94,1.900
11,2016-01-26-106,2.826
11,2016-01-26-118,1.929
11,2016-01-26-130,4.800
11,2016-01-26-142,3.800
12,2016-01-26-46,5.877
12,2016-01-26-58,10.803
12,2016-01-26-70,45.630
12,2016-01-26-82,4.617
12,2016-01-26-94,6.684
12,2016-01-26-106,14.033
12,2016-01-26-118,4.119
12,2016-01-26-130,10.203
12,2016-01-26-142,27.572
13,2016-01-26-46,3.100
13,2016-01-26-58,18.100
13,2016-01-26-70,4.100
13,2016-01-26-82,0.100
13,2016-01-26-94,1.000
13,2016-01-26-106,1.000
13,2016-01-26-118,1.000
13,2016-01-26-130,1.000
13,2016-01-26-142,0.100
14,2016-01-26-46,46.368
14,2016-01-26-58,52.430
14,2016-01-26-70,30.809
14,2016-01-26-82,60.554
14,2016-01-26-94,42.050
14,2016-01-26-106,57.686
14,2016-01-26-118,4.676
14,2016-01-26-130,9.064
14,2016-01-26-142,3.698
15,2016-01-26-46,0.000
15,2016-01-26-58,0.000
15,2016-01-26-70,0.000
15,2016-01-26-82,0.000
15,2016-01-26-94,0.000
15,2016-01-26-106,1.000
15,2016-01-26-118,0.000
15,2016-01-26-130,0.000
15,2016-01-26-142,0.000
16,2016-01-26-46,1.000
16,2016-01-26-58,11.100
16,2016-01-26-70,0.100
16,2016-01-26-82,1.000
16,2016-01-26-94,0.100
16,2016-01-26-106,1.000
16,2016-01-26-118,1.000
16,2016-01-26-130,0.100
16,2016-01-26-142,0.100
17,2016-01-26-46,0.100
17,2016-01-26-58,5.100
17,2016-01-26-70,0.100
17,2016-01-26-82,1.000
17,2016-01-26-94,1.000
17,2016-01-26-106,1.000
17,2016-01-26-118,0.100
17,2016-01-26-130,0.100
17,2016-01-26-142,0.100
18,2016-01-26-46,1.000
18,2016-01-26-58,1.000
18,2016-01-26-70,2.000
18,2016-01-26-82,1.000
18,2016-01-26-94,2.000
18,2016-01-26-106,5.000
18,2016-01-26-118,1.000
18,2016-01-26-130,0.100
18,2016-01-26-142,1.000
19,2016-01-26-46,1.900
19,2016-01-26-58,4.800
19,2016-01-26-70,15.800
19,2016-01-26-82,4.800
19,2016-01-26-94,2.800
19,2016-01-26-106,2.887
19,2016-01-26-118,2.782
19,2016-01-26-130,1.900
19,2016-01-26-142,7.800
20,2016-01-26-46,5.798
20,2016-01-26-58,9.968
20,2016-01-26-70,16.550
20,2016-01-26-82,6.411
20,2016-01-26-94,6.107
20,2016-01-26-106,5.905
20,2016-01-26-118,9.968
20,2016-01-26-130,10.294
20,2016-01-26-142,4.800
21,2016-01-26-46,5.800
21,2016-01-26-58,3.800
21,2016-01-26-70,4.800
21,2016-01-26-82,3.800
21,2016-01-26-94,3.800
21,2016-01-26-106,2.800
21,2016-01-26-118,1.900
21,2016-01-26-130,3.800
21,2016-01-26-142,3.800
22,2016-01-26-46,5.800
22,2016-01-26-58,14.411
22,2016-01-26-70,17.800
22,2016-01-26-82,6.910
22,2016-01-26-94,31.477
22,2016-01-26-106,35.919
22,2016-01-26-118,18.553
22,2016-01-26-130,18.169
22,2016-01-26-142,4.800
23,2016-01-26-46,225.474
23,2016-01-26-58,239.474
23,2016-01-26-70,168.474
23,2016-01-26-82,143.119
23,2016-01-26-94,197.474
23,2016-01-26-106,181.611
23,2016-01-26-118,22.448
23,2016-01-26-130,63.119
23,2016-01-26-142,15.796
24,2016-01-26-46,28.800
24,2016-01-26-58,117.919
24,2016-01-26-70,46.917
24,2016-01-26-82,61.979
24,2016-01-26-94,15.611
24,2016-01-26-106,4.965
24,2016-01-26-118,5.965
24,2016-01-26-130,4.165
24,2016-01-26-142,3.987
25,2016-01-26-46,2.800
25,2016-01-26-58,43.800
25,2016-01-26-70,2.800
25,2016-01-26-82,2.829
25,2016-01-26-94,3.444
25,2016-01-26-106,3.653
25,2016-01-26-118,3.592
25,2016-01-26-130,2.960
25,2016-01-26-142,3.800
26,2016-01-26-46,16.000
26,2016-01-26-58,51.000
26,2016-01-26-70,6.000
26,2016-01-26-82,6.000
26,2016-01-26-94,9.000
26,2016-01-26-106,1.000
26,2016-01-26-118,9.000
26,2016-01-26-130,36.000
26,2016-01-26-142,6.000
27,2016-01-26-46,14.804
27,2016-01-26-58,13.440
27,2016-01-26-70,15.440
27,2016-01-26-82,9.319
27,2016-01-26-94,7.184
27,2016-01-26-106,11.289
27,2016-01-26-118,4.753
27,2016-01-26-130,13.803
27,2016-01-26-142,5.261
28,2016-01-26-46,9.520
28,2016-01-26-58,12.863
28,2016-01-26-70,29.430
28,2016-01-26-82,7.863
28,2016-01-26-94,7.863
28,2016-01-26-106,31.430
28,2016-01-26-118,8.619
28,2016-01-26-130,34.251
28,2016-01-26-142,11.319
29,2016-01-26-46,4.224
29,2016-01-26-58,7.352
29,2016-01-26-70,15.397
29,2016-01-26-82,11.048
29,2016-01-26-94,4.901
29,2016-01-26-106,15.611
29,2016-01-26-118,4.853
29,2016-01-26-130,3.728
29,2016-01-26-142,3.517
30,2016-01-26-46,0.000
30,2016-01-26-58,1.000
30,2016-01-26-70,0.000
30,2016-01-26-82,1.000
30,2016-01-26-94,0.000
30,2016-01-26-106,4.100
30,2016-01-26-118,0.000
30,2016-01-26-130,1.000
30,2016-01-26-142,0.000
31,2016-01-26-46,5.000
31,2016-01-26-58,12.000
31,2016-01-26-70,7.100
31,2016-01-26-82,1.000
31,2016-01-26-94,1.000
31,2016-01-26-106,1.000
31,2016-01-26-118,3.000
31,2016-01-26-130,1.000
31,2016-01-26-142,0.100
32,2016-01-26-46,5.100
32,2016-01-26-58,1.000
32,2016-01-26-70,0.000
32,2016-01-26-82,0.000
32,2016-01-26-94,1.000
32,2016-01-26-106,0.000
32,2016-01-26-118,0.000
32,2016-01-26-130,1.100
32,2016-01-26-142,1.000
33,2016-01-26-46,0.900
33,2016-01-26-58,3.000
33,2016-01-26-70,2.100
33,2016-01-26-82,3.000
33,2016-01-26-94,3.000
33,2016-01-26-106,1.000
33,2016-01-26-118,1.000
33,2016-01-26-130,1.000
33,2016-01-26-142,1.100
34,2016-01-26-46,1.000
34,2016-01-26-58,1.000
34,2016-01-26-70,1.100
34,2016-01-26-82,1.100
34,2016-01-26-94,0.100
34,2016-01-26-106,1.000
34,2016-01-26-118,0.000
34,2016-01-26-130,1.100
34,2016-01-26-142,0.000
35,2016-01-26-46,1.000
35,2016-01-26-58,1.000
35,2016-01-26-70,0.100
35,2016-01-26-82,0.100
35,2016-01-26-94,0.100
35,2016-01-26-106,1.100
35,2016-01-26-118,9.000
35,2016-01-26-130,1.100
35,2016-01-26-142,0.100
36,2016-01-26-46,0.100
36,2016-01-26-58,1.000
36,2016-01-26-70,2.100
36,2016-01-26-82,0.100
36,2016-01-26-94,0.100
36,2016-01-26-106,2.000
36,2016-01-26-118,1.000
36,2016-01-26-130,3.100
36,2016-01-26-142,0.100
37,2016-01-26-46,94.511
37,2016-01-26-58,289.785
37,2016-01-26-70,79.430
37,2016-01-26-82,89.665
37,2016-01-26-94,74.430
37,2016-01-26-106,19.122
37,2016-01-26-118,7.277
37,2016-01-26-130,35.430
37,2016-01-26-142,3.498
38,2016-01-26-46,1.000
38,2016-01-26-58,11.000
38,2016-01-26-70,3.000
38,2016-01-26-82,4.000
38,2016-01-26-94,2.000
38,2016-01-26-106,1.000
38,2016-01-26-118,1.000
38,2016-01-26-130,1.000
38,2016-01-26-142,0.100
39,2016-01-26-46,2.100
39,2016-01-26-58,1.000
39,2016-01-26-70,0.000
39,2016-01-26-82,3.100
39,2016-01-26-94,0.000
39,2016-01-26-106,2.100
39,2016-01-26-118,0.000
39,2016-01-26-130,1.000
39,2016-01-26-142,1.000
40,2016-01-26-46,1.000
40,2016-01-26-58,1.100
40,2016-01-26-70,0.100
40,2016-01-26-82,6.100
40,2016-01-26-94,0.100
40,2016-01-26-106,1.000
40,2016-01-26-118,1.000
40,2016-01-26-130,0.100
40,2016-01-26-142,1.000
41,2016-01-26-46,0.100
41,2016-01-26-58,13.100
41,2016-01-26-70,7.100
41,2016-01-26-82,1.100
41,2016-01-26-94,0.100
41,2016-01-26-106,1.000
41,2016-01-26-118,1.000
41,2016-01-26-130,1.000
41,2016-01-26-142,0.100
42,2016-01-26-46,3.985
42,2016-01-26-58,8.684
42,2016-01-26-70,37.430
42,2016-01-26-82,15.119
42,2016-01-26-94,8.119
42,2016-01-26-106,5.054
42,2016-01-26-118,4.164
42,2016-01-26-130,5.676
42,2016-01-26-142,3.364
43,2016-01-26-46,1.000
43,2016-01-26-58,1.100
43,2016-01-26-70,1.000
43,2016-01-26-82,0.000
43,2016-01-26-94,2.100
43,2016-01-26-106,0.000
43,2016-01-26-118,1.000
43,2016-01-26-130,3.100
43,2016-01-26-142,1.000
44,2016-01-26-46,15.000
44,2016-01-26-58,0.000
44,2016-01-26-70,1.000
44,2016-01-26-82,0.000
44,2016-01-26-94,0.000
44,2016-01-26-106,0.000
44,2016-01-26-118,1.100
44,2016-01-26-130,0.000
44,2016-01-26-142,0.000
45,2016-01-26-46,0.000
45,2016-01-26-58,1.000
45,2016-01-26-70,1.000
45,2016-01-26-82,1.000
45,2016-01-26-94,1.000
45,2016-01-26-106,0.000
45,2016-01-26-118,1.100
45,2016-01-26-130,0.000
45,2016-01-26-142,0.000
46,2016-01-26-46,83.691
46,2016-01-26-58,137.805
46,2016-01-26-70,54.430
46,2016-01-26-82,50.182
46,2016-01-26-94,6.133
46,2016-01-26-106,4.890
46,2016-01-26-118,5.932
46,2016-01-26-130,12.277
46,2016-01-26-142,3.498
47,2016-01-26-46,1.000
47,2016-01-26-58,4.000
47,2016-01-26-70,9.000
47,2016-01-26-82,1.000
47,2016-01-26-94,2.000
47,2016-01-26-106,1.000
47,2016-01-26-118,4.000
47,2016-01-26-130,1.000
47,2016-01-26-142,1.000
48,2016-01-26-46,10.796
48,2016-01-26-58,14.552
48,2016-01-26-70,50.119
48,2016-01-26-82,122.119
48,2016-01-26-94,181.474
48,2016-01-26-106,362.474
48,2016-01-26-118,13.552
48,2016-01-26-130,79.119
48,2016-01-26-142,28.889
49,2016-01-26-46,0.000
49,2016-01-26-58,2.100
49,2016-01-26-70,1.000
49,2016-01-26-82,0.000
49,2016-01-26-94,0.000
49,2016-01-26-106,1.000
49,2016-01-26-118,0.100
49,2016-01-26-130,1.000
49,2016-01-26-142,1.000
50,2016-01-26-46,0.000
50,2016-01-26-58,0.000
50,2016-01-26-70,0.000
50,2016-01-26-82,1.000
50,2016-01-26-94,0.000
50,2016-01-26-106,1.000
50,2016-01-26-118,0.000
50,2016-01-26-130,0.000
50,2016-01-26-142,0.000
51,2016-01-26-46,15.175
51,2016-01-26-58,40.001
51,2016-01-26-70,129.874
51,2016-01-26-82,197.229
51,2016-01-26-94,437.402
51,2016-01-26-106,913.114
51,2016-01-26-118,71.874
51,2016-01-26-130,689.946
51,2016-01-26-142,86.975
52,2016-01-26-46,0.000
52,2016-01-26-58,0.000
52,2016-01-26-70,1.000
52,2016-01-26-82,1.000
52,2016-01-26-94,0.000
52,2016-01-26-106,1.000
52,2016-01-26-118,1.000
52,2016-01-26-130,1.000
52,2016-01-26-142,0.000
53,2016-01-26-46,0.100
53,2016-01-26-58,6.000
53,2016-01-26-70,2.100
53,2016-01-26-82,8.100
53,2016-01-26-94,0.100
53,2016-01-26-106,1.000
53,2016-01-26-118,1.100
53,2016-01-26-130,0.100
53,2016-01-26-142,1.000
54,2016-01-26-46,0.500
54,2016-01-26-58,2.000
54,2016-01-26-70,0.500
54,2016-01-26-82,0.500
54,2016-01-26-94,0.500
54,2016-01-26-106,5.000
54,2016-01-26-118,0.500
54,2016-01-26-130,0.500
54,2016-01-26-142,0.500
55,2016-01-26-46,0.000
55,2016-01-26-58,0.000
55,2016-01-26-70,0.000
55,2016-01-26-82,0.000
55,2016-01-26-94,0.000
55,2016-01-26-106,0.000
55,2016-01-26-118,0.000
55,2016-01-26-130,0.000
55,2016-01-26-142,1.000
56,2016-01-26-46,1.100
56,2016-01-26-58,2.100
56,2016-01-26-70,0.000
56,2016-01-26-82,0.000
56,2016-01-26-94,1.100
56,2016-01-26-106,0.100
56,2016-01-26-118,0.100
56,2016-01-26-130,1.000
56,2016-01-26-142,1.100
57,2016-01-26-46,1.000
57,2016-01-26-58,1.000
57,2016-01-26-70,1.000
57,2016-01-26-82,1.000
57,2016-01-26-94,1.000
57,2016-01-26-106,1.000
57,2016-01-26-118,1.000
57,2016-01-26-130,1.000
57,2016-01-26-142,0.100
58,2016-01-26-46,0.000
58,2016-01-26-58,5.100
58,2016-01-26-70,3.100
58,2016-01-26-82,1.000
58,2016-01-26-94,1.000
58,2016-01-26-106,0.000
58,2016-01-26-118,0.000
58,2016-01-26-130,0.100
58,2016-01-26-142,1.100
59,2016-01-26-46,23.100
59,2016-01-26-58,1.100
59,2016-01-26-70,0.000
59,2016-01-26-82,1.100
59,2016-01-26-94,0.000
59,2016-01-26-106,0.000
59,2016-01-26-118,0.000
59,2016-01-26-130,0.000
59,2016-01-26-142,0.000
60,2016-01-26-46,0.000
60,2016-01-26-58,1.000
60,2016-01-26-70,1.000
60,2016-01-26-82,1.000
60,2016-01-26-94,0.000
60,2016-01-26-106,3.100
60,2016-01-26-118,0.000
60,2016-01-26-130,0.000
60,2016-01-26-142,5.000
61,2016-01-26-46,0.000
61,2016-01-26-58,0.000
61,2016-01-26-70,0.000
61,2016-01-26-82,0.000
61,2016-01-26-94,1.000
61,2016-01-26-106,0.900
61,2016-01-26-118,0.000
61,2016-01-26-130,2.100
61,2016-01-26-142,1.000
62,2016-01-26-46,1.000
62,2016-01-26-58,1.000
62,2016-01-26-70,0.000
62,2016-01-26-82,1.000
62,2016-01-26-94,0.000
62,2016-01-26-106,0.000
62,2016-01-26-118,0.000
62,2016-01-26-130,0.000
62,2016-01-26-142,0.000
63,2016-01-26-46,0.000
63,2016-01-26-58,0.000
63,2016-01-26-70,0.000
63,2016-01-26-82,0.000
63,2016-01-26-94,2.100
63,2016-01-26-106,0.000
63,2016-01-26-118,0.000
63,2016-01-26-130,0.000
63,2016-01-26-142,1.000
64,2016-01-26-46,1.100
64,2016-01-26-58,1.000
64,2016-01-26-70,1.000
64,2016-01-26-82,1.000
64,2016-01-26-94,1.000
64,2016-01-26-106,2.000
64,2016-01-26-118,1.000
64,2016-01-26-130,1.000
64,2016-01-26-142,0.100
65,2016-01-26-46,1.000
65,2016-01-26-58,1.100
65,2016-01-26-70,0.100
65,2016-01-26-82,1.000
65,2016-01-26-94,0.100
65,2016-01-26-106,1.000
65,2016-01-26-118,1.000
65,2016-01-26-130,0.100
65,2016-01-26-142,0.100
66,2016-01-26-46,0.100
66,2016-01-26-58,0.100
66,2016-01-26-70,0.900
66,2016-01-26-82,0.100
66,2016-01-26-94,0.100
66,2016-01-26-106,1.000
66,2016-01-26-118,0.900
66,2016-01-26-130,1.000
66,2016-01-26-142,0.100
1,2016-01-28-58,7.983
1,2016-01-28-70,3.973
1,2016-01-28-82,4.973
1,2016-01-28-94,8.984
1,2016-01-28-106,5.494
1,2016-01-28-118,8.494
1,2016-01-28-130,4.984
1,2016-01-28-142,26.994
2,2016-01-28-58,2.900
2,2016-01-28-70,2.800
2,2016-01-28-82,1.900
2,2016-01-28-94,1.900
2,2016-01-28-106,1.990
2,2016-01-28-118,2.800
2,2016-01-28-130,1.900
2,2016-01-28-142,1.900
3,2016-01-28-58,0.100
3,2016-01-28-70,4.000
3,2016-01-28-82,1.000
3,2016-01-28-94,1.000
3,2016-01-28-106,0.100
3,2016-01-28-118,0.100
3,2016-01-28-130,5.000
3,2016-01-28-142,0.009
4,2016-01-28-58,87.044
4,2016-01-28-70,2.823
4,2016-01-28-82,8.924
4,2016-01-28-94,4.900
4,2016-01-28-106,5.903
4,2016-01-28-118,15.890
4,2016-01-28-130,44.044
4,2016-01-28-142,2.800
5,2016-01-28-58,5.100
5,2016-01-28-70,0.000
5,2016-01-28-82,0.000
5,2016-01-28-94,0.000
5,2016-01-28-106,1.100
5,2016-01-28-118,1.000
5,2016-01-28-130,0.000
5,2016-01-28-142,0.000
6,2016-01-28-58,27.100
6,2016-01-28-70,2.000
6,2016-01-28-82,7.000
6,2016-01-28-94,2.000
6,2016-01-28-106,1.000
6,2016-01-28-118,2.000
6,2016-01-28-130,2.000
6,2016-01-28-142,1.000
7,2016-01-28-58,49.603
7,2016-01-28-70,21.493
7,2016-01-28-82,23.493
7,2016-01-28-94,82.603
7,2016-01-28-106,167.604
7,2016-01-28-118,112.603
7,2016-01-28-130,144.603
7,2016-01-28-142,20.983
8,2016-01-28-58,294.603
8,2016-01-28-70,90.603
8,2016-01-28-82,110.045
8,2016-01-28-94,186.603
8,2016-01-28-106,121.603
8,2016-01-28-118,107.603
8,2016-01-28-130,227.045
8,2016-01-28-142,12.935
9,2016-01-28-58,7.900
9,2016-01-28-70,3.000
9,2016-01-28-82,2.900
9,2016-01-28-94,1.900
9,2016-01-28-106,2.900
9,2016-01-28-118,2.900
9,2016-01-28-130,3.900
9,2016-01-28-142,2.800
10,2016-01-28-58,1.000
10,2016-01-28-70,0.000
10,2016-01-28-82,0.009
10,2016-01-28-94,0.009
10,2016-01-28-106,0.009
10,2016-01-28-118,0.009
10,2016-01-28-130,1.000
10,2016-01-28-142,0.009
11,2016-01-28-58,2.823
11,2016-01-28-70,2.021
11,2016-01-28-82,2.021
11,2016-01-28-94,2.823
11,2016-01-28-106,4.913
11,2016-01-28-118,2.823
11,2016-01-28-130,2.021
11,2016-01-28-142,2.114
12,2016-01-28-58,5.001
12,2016-01-28-70,3.971
12,2016-01-28-82,8.002
12,2016-01-28-94,4.009
12,2016-01-28-106,9.494
12,2016-01-28-118,4.891
12,2016-01-28-130,7.983
12,2016-01-28-142,48.141
13,2016-01-28-58,1.900
13,2016-01-28-70,1.000
13,2016-01-28-82,1.000
13,2016-01-28-94,2.000
13,2016-01-28-106,1.000
13,2016-01-28-118,1.900
13,2016-01-28-130,1.000
13,2016-01-28-142,1.000
14,2016-01-28-58,54.113
14,2016-01-28-70,14.984
14,2016-01-28-82,3.973
14,2016-01-28-94,28.984
14,2016-01-28-106,48.113
14,2016-01-28-118,8.984
14,2016-01-28-130,44.111
14,2016-01-28-142,3.990
15,2016-01-28-58,0.000
15,2016-01-28-70,0.500
15,2016-01-28-82,0.000
15,2016-01-28-94,0.000
15,2016-01-28-106,0.000
15,2016-01-28-118,1.000
15,2016-01-28-130,0.000
15,2016-01-28-142,0.000
16,2016-01-28-58,7.210
16,2016-01-28-70,0.100
16,2016-01-28-82,11.100
16,2016-01-28-94,2.000
16,2016-01-28-106,1.000
16,2016-01-28-118,1.000
16,2016-01-28-130,4.000
16,2016-01-28-142,1.000
17,2016-01-28-58,1.000
17,2016-01-28-70,2.000
17,2016-01-28-82,4.000
17,2016-01-28-94,1.000
17,2016-01-28-106,1.000
17,2016-01-28-118,1.000
17,2016-01-28-130,0.909
17,2016-01-28-142,2.100
18,2016-01-28-58,7.000
18,2016-01-28-70,2.000
18,2016-01-28-82,4.000
18,2016-01-28-94,2.000
18,2016-01-28-106,1.000
18,2016-01-28-118,1.000
18,2016-01-28-130,2.000
18,2016-01-28-142,2.000
19,2016-01-28-58,2.097
19,2016-01-28-70,1.288
19,2016-01-28-82,2.190
19,2016-01-28-94,3.190
19,2016-01-28-106,3.867
19,2016-01-28-118,4.010
19,2016-01-28-130,5.010
19,2016-01-28-142,1.983
20,2016-01-28-58,5.000
20,2016-01-28-70,3.989
20,2016-01-28-82,2.999
20,2016-01-28-94,3.999
20,2016-01-28-106,4.989
20,2016-01-28-118,7.000
20,2016-01-28-130,56.110
20,2016-01-28-142,2.097
21,2016-01-28-58,3.125
21,2016-01-28-70,1.047
21,2016-01-28-82,1.105
21,2016-01-28-94,3.007
21,2016-01-28-106,3.114
21,2016-01-28-118,3.114
21,2016-01-28-130,2.949
21,2016-01-28-142,3.910
22,2016-01-28-58,7.924
22,2016-01-28-70,7.934
22,2016-01-28-82,7.934
22,2016-01-28-94,20.934
22,2016-01-28-106,39.034
22,2016-01-28-118,12.934
22,2016-01-28-130,22.125
22,2016-01-28-142,15.900
23,2016-01-28-58,216.996
23,2016-01-28-70,175.996
23,2016-01-28-82,69.438
23,2016-01-28-94,187.996
23,2016-01-28-106,207.433
23,2016-01-28-118,71.433
23,2016-01-28-130,99.045
23,2016-01-28-142,45.655
24,2016-01-28-58,133.071
24,2016-01-28-70,27.000
24,2016-01-28-82,59.110
24,2016-01-28-94,10.000
24,2016-01-28-106,11.489
24,2016-01-28-118,5.461
24,2016-01-28-130,3.969
24,2016-01-28-142,2.958
25,2016-01-28-58,48.235
25,2016-01-28-70,2.021
25,2016-01-28-82,2.021
25,2016-01-28-94,2.014
25,2016-01-28-106,2.921
25,2016-01-28-118,4.913
25,2016-01-28-130,2.014
25,2016-01-28-142,2.014
26,2016-01-28-58,17.000
26,2016-01-28-70,5.000
26,2016-01-28-82,11.000
26,2016-01-28-94,5.000
26,2016-01-28-106,2.000
26,2016-01-28-118,30.000
26,2016-01-28-130,16.000
26,2016-01-28-142,3.000
27,2016-01-28-58,15.022
27,2016-01-28-70,12.022
27,2016-01-28-82,12.022
27,2016-01-28-94,9.022
27,2016-01-28-106,20.511
27,2016-01-28-118,13.003
27,2016-01-28-130,5.022
27,2016-01-28-142,9.011
28,2016-01-28-58,13.494
28,2016-01-28-70,8.003
28,2016-01-28-82,5.003
28,2016-01-28-94,12.003
28,2016-01-28-106,24.494
28,2016-01-28-118,8.494
28,2016-01-28-130,207.113
28,2016-01-28-142,6.022
29,2016-01-28-58,4.900
29,2016-01-28-70,9.900
29,2016-01-28-82,9.934
29,2016-01-28-94,2.800
29,2016-01-28-106,3.913
29,2016-01-28-118,4.924
29,2016-01-28-130,3.813
29,2016-01-28-142,1.212
30,2016-01-28-58,0.000
30,2016-01-28-70,0.000
30,2016-01-28-82,1.000
30,2016-01-28-94,0.009
30,2016-01-28-106,0.100
30,2016-01-28-118,0.100
30,2016-01-28-130,1.000
30,2016-01-28-142,0.000
31,2016-01-28-58,6.000
31,2016-01-28-70,3.000
31,2016-01-28-82,6.000
31,2016-01-28-94,1.000
31,2016-01-28-106,2.800
31,2016-01-28-118,1.900
31,2016-01-28-130,2.800
31,2016-01-28-142,1.000
32,2016-01-28-58,1.000
32,2016-01-28-70,0.000
32,2016-01-28-82,0.000
32,2016-01-28-94,1.100
32,2016-01-28-106,0.009
32,2016-01-28-118,0.009
32,2016-01-28-130,0.000
32,2016-01-28-142,0.000
33,2016-01-28-58,0.100
33,2016-01-28-70,5.000
33,2016-01-28-82,0.100
33,2016-01-28-94,1.000
33,2016-01-28-106,0.100
33,2016-01-28-118,0.100
33,2016-01-28-130,0.100
33,2016-01-28-142,0.100
34,2016-01-28-58,0.100
34,2016-01-28-70,0.100
34,2016-01-28-82,3.000
34,2016-01-28-94,2.000
34,2016-01-28-106,1.000
34,2016-01-28-118,1.000
34,2016-01-28-130,6.000
34,2016-01-28-142,0.009
35,2016-01-28-58,1.000
35,2016-01-28-70,2.000
35,2016-01-28-82,5.000
35,2016-01-28-94,3.000
35,2016-01-28-106,3.000
35,2016-01-28-118,18.000
35,2016-01-28-130,9.000
35,2016-01-28-142,0.009
36,2016-01-28-58,0.910
36,2016-01-28-70,0.910
36,2016-01-28-82,2.210
36,2016-01-28-94,3.000
36,2016-01-28-106,3.000
36,2016-01-28-118,1.000
36,2016-01-28-130,1.000
36,2016-01-28-142,1.000
37,2016-01-28-58,239.604
37,2016-01-28-70,40.112
37,2016-01-28-82,77.585
37,2016-01-28-94,72.586
37,2016-01-28-106,58.603
37,2016-01-28-118,15.494
37,2016-01-28-130,61.603
37,2016-01-28-142,3.873
38,2016-01-28-58,4.000
38,2016-01-28-70,3.000
38,2016-01-28-82,1.000
38,2016-01-28-94,1.000
38,2016-01-28-106,1.000
38,2016-01-28-118,1.000
38,2016-01-28-130,1.000
38,2016-01-28-142,1.000
39,2016-01-28-58,1.000
39,2016-01-28-70,0.000
39,2016-01-28-82,0.009
39,2016-01-28-94,1.000
39,2016-01-28-106,0.001
39,2016-01-28-118,1.100
39,2016-01-28-130,1.000
39,2016-01-28-142,1.100
40,2016-01-28-58,7.000
40,2016-01-28-70,0.100
40,2016-01-28-82,5.000
40,2016-01-28-94,2.000
40,2016-01-28-106,1.000
40,2016-01-28-118,0.100
40,2016-01-28-130,1.000
40,2016-01-28-142,0.009
41,2016-01-28-58,1.000
41,2016-01-28-70,4.000
41,2016-01-28-82,1.000
41,2016-01-28-94,1.000
41,2016-01-28-106,1.000
41,2016-01-28-118,1.000
41,2016-01-28-130,1.000
41,2016-01-28-142,0.010
42,2016-01-28-58,14.494
42,2016-01-28-70,12.041
42,2016-01-28-82,4.383
42,2016-01-28-94,5.483
42,2016-01-28-106,5.494
42,2016-01-28-118,7.494
42,2016-01-28-130,4.009
42,2016-01-28-142,5.022
43,2016-01-28-58,1.000
43,2016-01-28-70,0.000
43,2016-01-28-82,0.009
43,2016-01-28-94,0.009
43,2016-01-28-106,1.100
43,2016-01-28-118,1.000
43,2016-01-28-130,1.100
43,2016-01-28-142,0.009
44,2016-01-28-58,0.000
44,2016-01-28-70,0.000
44,2016-01-28-82,0.000
44,2016-01-28-94,0.000
44,2016-01-28-106,0.000
44,2016-01-28-118,0.000
44,2016-01-28-130,0.000
44,2016-01-28-142,2.000
45,2016-01-28-58,1.000
45,2016-01-28-70,0.000
45,2016-01-28-82,0.000
45,2016-01-28-94,1.000
45,2016-01-28-106,0.009
45,2016-01-28-118,0.000
45,2016-01-28-130,0.000
45,2016-01-28-142,0.000
46,2016-01-28-58,136.094
46,2016-01-28-70,12.984
46,2016-01-28-82,8.984
46,2016-01-28-94,5.984
46,2016-01-28-106,8.494
46,2016-01-28-118,8.003
46,2016-01-28-130,7.476
46,2016-01-28-142,4.973
47,2016-01-28-58,1.000
47,2016-01-28-70,9.000
47,2016-01-28-82,5.000
47,2016-01-28-94,1.000
47,2016-01-28-106,1.000
47,2016-01-28-118,1.000
47,2016-01-28-130,1.000
47,2016-01-28-142,3.000
48,2016-01-28-58,16.493
48,2016-01-28-70,15.493
48,2016-01-28-82,12.493
48,2016-01-28-94,146.603
48,2016-01-28-106,225.603
48,2016-01-28-118,30.493
48,2016-01-28-130,145.045
48,2016-01-28-142,23.002
49,2016-01-28-58,4.000
49,2016-01-28-70,0.000
49,2016-01-28-82,0.010
49,2016-01-28-94,5.000
49,2016-01-28-106,1.000
49,2016-01-28-118,2.000
49,2016-01-28-130,0.009
49,2016-01-28-142,0.010
50,2016-01-28-58,1.100
50,2016-01-28-70,1.000
50,2016-01-28-82,4.100
50,2016-01-28-94,0.000
50,2016-01-28-106,3.000
50,2016-01-28-118,0.000
50,2016-01-28-130,0.000
50,2016-01-28-142,0.001
51,2016-01-28-58,60.154
51,2016-01-28-70,201.594
51,2016-01-28-82,61.772
51,2016-01-28-94,435.715
51,2016-01-28-106,696.534
51,2016-01-28-118,213.594
51,2016-01-28-130,539.364
51,2016-01-28-142,287.471
52,2016-01-28-58,1.000
52,2016-01-28-70,0.000
52,2016-01-28-82,3.000
52,2016-01-28-94,0.000
52,2016-01-28-106,0.009
52,2016-01-28-118,2.100
52,2016-01-28-130,1.000
52,2016-01-28-142,0.000
53,2016-01-28-58,16.000
53,2016-01-28-70,1.100
53,2016-01-28-82,8.000
53,2016-01-28-94,5.000
53,2016-01-28-106,1.000
53,2016-01-28-118,4.000
53,2016-01-28-130,1.000
53,2016-01-28-142,1.000
54,2016-01-28-58,3.000
54,2016-01-28-70,0.500
54,2016-01-28-82,0.500
54,2016-01-28-94,2.000
54,2016-01-28-106,0.500
54,2016-01-28-118,3.000
54,2016-01-28-130,0.500
54,2016-01-28-142,0.500
55,2016-01-28-58,0.000
55,2016-01-28-70,0.000
55,2016-01-28-82,0.000
55,2016-01-28-94,0.000
55,2016-01-28-106,0.009
55,2016-01-28-118,0.000
55,2016-01-28-130,0.000
55,2016-01-28-142,0.000
56,2016-01-28-58,0.009
56,2016-01-28-70,0.010
56,2016-01-28-82,0.009
56,2016-01-28-94,0.009
56,2016-01-28-106,7.000
56,2016-01-28-118,0.009
56,2016-01-28-130,2.000
56,2016-01-28-142,1.100
57,2016-01-28-58,1.900
57,2016-01-28-70,1.000
57,2016-01-28-82,1.000
57,2016-01-28-94,1.000
57,2016-01-28-106,1.000
57,2016-01-28-118,3.000
57,2016-01-28-130,1.000
57,2016-01-28-142,7.000
58,2016-01-28-58,7.000
58,2016-01-28-70,5.100
58,2016-01-28-82,2.100
58,2016-01-28-94,0.009
58,2016-01-28-106,0.100
58,2016-01-28-118,0.100
58,2016-01-28-130,0.009
58,2016-01-28-142,0.091
59,2016-01-28-58,0.009
59,2016-01-28-70,0.009
59,2016-01-28-82,1.000
59,2016-01-28-94,0.010
59,2016-01-28-106,0.100
59,2016-01-28-118,0.009
59,2016-01-28-130,0.001
59,2016-01-28-142,1.000
60,2016-01-28-58,1.000
60,2016-01-28-70,0.090
60,2016-01-28-82,0.000
60,2016-01-28-94,1.000
60,2016-01-28-106,0.090
60,2016-01-28-118,0.000
60,2016-01-28-130,1.000
60,2016-01-28-142,1.000
61,2016-01-28-58,2.100
61,2016-01-28-70,0.091
61,2016-01-28-82,2.000
61,2016-01-28-94,0.090
61,2016-01-28-106,1.000
61,2016-01-28-118,0.000
61,2016-01-28-130,0.100
61,2016-01-28-142,0.000
62,2016-01-28-58,0.000
62,2016-01-28-70,0.000
62,2016-01-28-82,0.000
62,2016-01-28-94,0.000
62,2016-01-28-106,0.000
62,2016-01-28-118,0.000
62,2016-01-28-130,0.000
62,2016-01-28-142,0.000
63,2016-01-28-58,0.000
63,2016-01-28-70,0.000
63,2016-01-28-82,2.000
63,2016-01-28-94,0.000
63,2016-01-28-106,0.000
63,2016-01-28-118,0.000
63,2016-01-28-130,2.000
63,2016-01-28-142,0.000
64,2016-01-28-58,1.000
64,2016-01-28-70,1.000
64,2016-01-28-82,1.000
64,2016-01-28-94,1.000
64,2016-01-28-106,1.000
64,2016-01-28-118,1.000
64,2016-01-28-130,1.000
64,2016-01-28-142,1.000
65,2016-01-28-58,1.000
65,2016-01-28-70,0.909
65,2016-01-28-82,1.000
65,2016-01-28-94,1.000
65,2016-01-28-106,1.000
65,2016-01-28-118,1.000
65,2016-01-28-130,1.000
65,2016-01-28-142,0.909
66,2016-01-28-58,0.100
66,2016-01-28-70,1.000
66,2016-01-28-82,1.000
66,2016-01-28-94,1.000
66,2016-01-28-106,1.000
66,2016-01-28-118,1.000
66,2016-01-28-130,3.000
66,2016-01-28-142,0.100
1,2016-01-30-46,27.970
1,2016-01-30-58,7.970
1,2016-01-30-70,2.890
1,2016-01-30-82,8.970
1,2016-01-30-94,5.970
1,2016-01-30-106,11.970
1,2016-01-30-118,11.970
1,2016-01-30-130,12.970
1,2016-01-30-142,16.970
2,2016-01-30-46,1.000
2,2016-01-30-58,1.900
2,2016-01-30-70,2.800
2,2016-01-30-82,2.800
2,2016-01-30-94,1.000
2,2016-01-30-106,2.000
2,2016-01-30-118,2.800
2,2016-01-30-130,2.800
2,2016-01-30-142,1.900
3,2016-01-30-46,2.000
3,2016-01-30-58,1.900
3,2016-01-30-70,1.000
3,2016-01-30-82,1.900
3,2016-01-30-94,0.100
3,2016-01-30-106,1.000
3,2016-01-30-118,1.000
3,2016-01-30-130,4.000
3,2016-01-30-142,0.000
4,2016-01-30-46,10.000
4,2016-01-30-58,1.900
4,2016-01-30-70,6.270
4,2016-01-30-82,8.000
4,2016-01-30-94,11.270
4,2016-01-30-106,5.270
4,2016-01-30-118,3.000
4,2016-01-30-130,4.000
4,2016-01-30-142,2.800
5,2016-01-30-46,1.000
5,2016-01-30-58,2.000
5,2016-01-30-70,0.000
5,2016-01-30-82,5.000
5,2016-01-30-94,0.000
5,2016-01-30-106,0.100
5,2016-01-30-118,0.000
5,2016-01-30-130,0.000
5,2016-01-30-142,0.000
6,2016-01-30-46,9.000
6,2016-01-30-58,3.000
6,2016-01-30-70,3.000
6,2016-01-30-82,0.100
6,2016-01-30-94,4.000
6,2016-01-30-106,1.000
6,2016-01-30-118,2.000
6,2016-01-30-130,1.000
6,2016-01-30-142,5.000
7,2016-01-30-46,20.700
7,2016-01-30-58,10.970
7,2016-01-30-70,46.197
7,2016-01-30-82,85.197
7,2016-01-30-94,83.197
7,2016-01-30-106,46.197
7,2016-01-30-118,8.970
7,2016-01-30-130,52.197
7,2016-01-30-142,7.970
8,2016-01-30-46,59.197
8,2016-01-30-58,85.197
8,2016-01-30-70,210.197
8,2016-01-30-82,251.197
8,2016-01-30-94,169.197
8,2016-01-30-106,23.970
8,2016-01-30-118,11.970
8,2016-01-30-130,43.197
8,2016-01-30-142,11.970
9,2016-01-30-46,2.000
9,2016-01-30-58,2.800
9,2016-01-30-70,2.000
9,2016-01-30-82,3.270
9,2016-01-30-94,2.800
9,2016-01-30-106,3.000
9,2016-01-30-118,2.800
9,2016-01-30-130,1.900
9,2016-01-30-142,2.000
10,2016-01-30-46,4.000
10,2016-01-30-58,1.000
10,2016-01-30-70,6.000
10,2016-01-30-82,2.000
10,2016-01-30-94,0.000
10,2016-01-30-106,1.000
10,2016-01-30-118,0.000
10,2016-01-30-130,2.000
10,2016-01-30-142,0.000
11,2016-01-30-46,7.000
11,2016-01-30-58,2.000
11,2016-01-30-70,2.800
11,2016-01-30-82,3.000
11,2016-01-30-94,2.800
11,2016-01-30-106,2.000
11,2016-01-30-118,2.000
11,2016-01-30-130,1.900
11,2016-01-30-142,1.900
12,2016-01-30-46,18.700
12,2016-01-30-58,5.780
12,2016-01-30-70,6.970
12,2016-01-30-82,5.780
12,2016-01-30-94,7.970
12,2016-01-30-106,8.970
12,2016-01-30-118,3.880
12,2016-01-30-130,6.970
12,2016-01-30-142,10.970
13,2016-01-30-46,1.000
13,2016-01-30-58,3.000
13,2016-01-30-70,4.000
13,2016-01-30-82,1.900
13,2016-01-30-94,0.100
13,2016-01-30-106,2.000
13,2016-01-30-118,1.900
13,2016-01-30-130,2.000
13,2016-01-30-142,0.100
14,2016-01-30-46,43.227
14,2016-01-30-58,11.970
14,2016-01-30-70,23.700
14,2016-01-30-82,70.197
14,2016-01-30-94,20.970
14,2016-01-30-106,25.970
14,2016-01-30-118,6.700
14,2016-01-30-130,9.700
14,2016-01-30-142,6.700
15,2016-01-30-46,0.000
15,2016-01-30-58,0.000
15,2016-01-30-70,0.000
15,2016-01-30-82,0.000
15,2016-01-30-94,0.000
15,2016-01-30-106,1.000
15,2016-01-30-118,0.000
15,2016-01-30-130,0.000
15,2016-01-30-142,0.000
16,2016-01-30-46,4.000
16,2016-01-30-58,0.100
16,2016-01-30-70,1.000
16,2016-01-30-82,7.000
16,2016-01-30-94,1.000
16,2016-01-30-106,0.100
16,2016-01-30-118,0.100
16,2016-01-30-130,1.000
16,2016-01-30-142,0.100
17,2016-01-30-46,0.000
17,2016-01-30-58,1.000
17,2016-01-30-70,2.000
17,2016-01-30-82,1.000
17,2016-01-30-94,0.100
17,2016-01-30-106,1.900
17,2016-01-30-118,0.100
17,2016-01-30-130,0.100
17,2016-01-30-142,1.000
18,2016-01-30-46,2.000
18,2016-01-30-58,1.000
18,2016-01-30-70,3.000
18,2016-01-30-82,1.000
18,2016-01-30-94,1.000
18,2016-01-30-106,1.000
18,2016-01-30-118,1.000
18,2016-01-30-130,0.100
18,2016-01-30-142,2.000
19,2016-01-30-46,2.800
19,2016-01-30-58,4.270
19,2016-01-30-70,1.900
19,2016-01-30-82,1.900
19,2016-01-30-94,2.800
19,2016-01-30-106,6.000
19,2016-01-30-118,2.000
19,2016-01-30-130,2.800
19,2016-01-30-142,2.800
20,2016-01-30-46,6.000
20,2016-01-30-58,3.000
20,2016-01-30-70,41.227
20,2016-01-30-82,36.227
20,2016-01-30-94,8.000
20,2016-01-30-106,3.880
20,2016-01-30-118,3.270
20,2016-01-30-130,5.000
20,2016-01-30-142,3.000
21,2016-01-30-46,10.000
21,2016-01-30-58,1.900
21,2016-01-30-70,2.800
21,2016-01-30-82,4.000
21,2016-01-30-94,3.000
21,2016-01-30-106,4.000
21,2016-01-30-118,4.000
21,2016-01-30-130,2.000
21,2016-01-30-142,2.800
22,2016-01-30-46,2.000
22,2016-01-30-58,11.000
22,2016-01-30-70,15.000
22,2016-01-30-82,13.000
22,2016-01-30-94,37.227
22,2016-01-30-106,14.000
22,2016-01-30-118,16.000
22,2016-01-30-130,21.000
22,2016-01-30-142,25.000
23,2016-01-30-46,69.197
23,2016-01-30-58,85.197
23,2016-01-30-70,133.197
23,2016-01-30-82,247.297
23,2016-01-30-94,179.297
23,2016-01-30-106,28.970
23,2016-01-30-118,9.970
23,2016-01-30-130,30.970
23,2016-01-30-142,24.970
24,2016-01-30-46,43.227
24,2016-01-30-58,16.270
24,2016-01-30-70,63.497
24,2016-01-30-82,79.497
24,2016-01-30-94,16.000
24,2016-01-30-106,6.270
24,2016-01-30-118,6.270
24,2016-01-30-130,5.270
24,2016-01-30-142,3.080
25,2016-01-30-46,1.900
25,2016-01-30-58,1.900
25,2016-01-30-70,3.880
25,2016-01-30-82,2.800
25,2016-01-30-94,2.890
25,2016-01-30-106,2.000
25,2016-01-30-118,2.000
25,2016-01-30-130,1.900
25,2016-01-30-142,2.000
26,2016-01-30-46,9.000
26,2016-01-30-58,10.000
26,2016-01-30-70,15.000
26,2016-01-30-82,39.227
26,2016-01-30-94,12.000
26,2016-01-30-106,7.000
26,2016-01-30-118,1.900
26,2016-01-30-130,5.000
26,2016-01-30-142,0.100
27,2016-01-30-46,8.000
27,2016-01-30-58,12.700
27,2016-01-30-70,8.700
27,2016-01-30-82,15.970
27,2016-01-30-94,8.970
27,2016-01-30-106,11.970
27,2016-01-30-118,10.970
27,2016-01-30-130,12.970
27,2016-01-30-142,7.700
28,2016-01-30-46,40.227
28,2016-01-30-58,8.970
28,2016-01-30-70,9.970
28,2016-01-30-82,18.970
28,2016-01-30-94,8.970
28,2016-01-30-106,24.970
28,2016-01-30-118,9.970
28,2016-01-30-130,19.970
28,2016-01-30-142,7.970
29,2016-01-30-46,9.000
29,2016-01-30-58,3.000
29,2016-01-30-70,16.270
29,2016-01-30-82,12.000
29,2016-01-30-94,1.900
29,2016-01-30-106,2.800
29,2016-01-30-118,2.000
29,2016-01-30-130,4.000
29,2016-01-30-142,2.800
30,2016-01-30-46,0.000
30,2016-01-30-58,1.000
30,2016-01-30-70,0.000
30,2016-01-30-82,0.000
30,2016-01-30-94,0.100
30,2016-01-30-106,1.000
30,2016-01-30-118,1.000
30,2016-01-30-130,2.000
30,2016-01-30-142,0.000
31,2016-01-30-46,1.900
31,2016-01-30-58,2.000
31,2016-01-30-70,2.000
31,2016-01-30-82,2.000
31,2016-01-30-94,1.000
31,2016-01-30-106,7.000
31,2016-01-30-118,1.900
31,2016-01-30-130,0.100
31,2016-01-30-142,1.000
32,2016-01-30-46,1.000
32,2016-01-30-58,2.000
32,2016-01-30-70,2.000
32,2016-01-30-82,0.000
32,2016-01-30-94,2.000
32,2016-01-30-106,0.000
32,2016-01-30-118,1.000
32,2016-01-30-130,0.000
32,2016-01-30-142,0.000
33,2016-01-30-46,2.000
33,2016-01-30-58,1.000
33,2016-01-30-70,1.900
33,2016-01-30-82,1.900
33,2016-01-30-94,4.000
33,2016-01-30-106,1.000
33,2016-01-30-118,1.000
33,2016-01-30-130,1.000
33,2016-01-30-142,1.000
34,2016-01-30-46,0.100
34,2016-01-30-58,0.100
34,2016-01-30-70,1.900
34,2016-01-30-82,0.100
34,2016-01-30-94,4.000
34,2016-01-30-106,1.000
34,2016-01-30-118,2.000
34,2016-01-30-130,0.100
34,2016-01-30-142,1.000
35,2016-01-30-46,0.000
35,2016-01-30-58,0.100
35,2016-01-30-70,3.000
35,2016-01-30-82,2.000
35,2016-01-30-94,4.000
35,2016-01-30-106,1.000
35,2016-01-30-118,1.000
35,2016-01-30-130,0.100
35,2016-01-30-142,1.000
36,2016-01-30-46,18.000
36,2016-01-30-58,0.100
36,2016-01-30-70,0.100
36,2016-01-30-82,0.100
36,2016-01-30-94,2.000
36,2016-01-30-106,1.000
36,2016-01-30-118,2.000
36,2016-01-30-130,1.000
36,2016-01-30-142,0.000
37,2016-01-30-46,40.927
37,2016-01-30-58,50.197
37,2016-01-30-70,173.197
37,2016-01-30-82,215.197
37,2016-01-30-94,63.197
37,2016-01-30-106,13.970
37,2016-01-30-118,5.780
37,2016-01-30-130,11.970
37,2016-01-30-142,6.970
38,2016-01-30-46,3.000
38,2016-01-30-58,2.000
38,2016-01-30-70,3.000
38,2016-01-30-82,2.000
38,2016-01-30-94,1.000
38,2016-01-30-106,1.000
38,2016-01-30-118,1.900
38,2016-01-30-130,4.000
38,2016-01-30-142,1.900
39,2016-01-30-46,1.000
39,2016-01-30-58,2.000
39,2016-01-30-70,0.000
39,2016-01-30-82,0.000
39,2016-01-30-94,0.000
39,2016-01-30-106,0.000
39,2016-01-30-118,0.000
39,2016-01-30-130,2.000
39,2016-01-30-142,2.000
40,2016-01-30-46,3.000
40,2016-01-30-58,3.000
40,2016-01-30-70,6.000
40,2016-01-30-82,2.000
40,2016-01-30-94,1.000
40,2016-01-30-106,3.000
40,2016-01-30-118,1.000
40,2016-01-30-130,1.000
40,2016-01-30-142,1.000
41,2016-01-30-46,0.000
41,2016-01-30-58,3.000
41,2016-01-30-70,3.000
41,2016-01-30-82,3.000
41,2016-01-30-94,0.100
41,2016-01-30-106,1.000
41,2016-01-30-118,2.000
41,2016-01-30-130,1.000
41,2016-01-30-142,2.000
42,2016-01-30-46,28.700
42,2016-01-30-58,5.780
42,2016-01-30-70,19.970
42,2016-01-30-82,27.970
42,2016-01-30-94,9.970
42,2016-01-30-106,3.880
42,2016-01-30-118,5.970
42,2016-01-30-130,5.970
42,2016-01-30-142,2.800
43,2016-01-30-46,3.000
43,2016-01-30-58,3.000
43,2016-01-30-70,3.000
43,2016-01-30-82,0.000
43,2016-01-30-94,1.000
43,2016-01-30-106,0.000
43,2016-01-30-118,0.000
43,2016-01-30-130,2.000
43,2016-01-30-142,0.000
44,2016-01-30-46,1.000
44,2016-01-30-58,0.000
44,2016-01-30-70,0.000
44,2016-01-30-82,2.000
44,2016-01-30-94,0.000
44,2016-01-30-106,4.000
44,2016-01-30-118,0.000
44,2016-01-30-130,0.000
44,2016-01-30-142,1.000
45,2016-01-30-46,1.000
45,2016-01-30-58,3.000
45,2016-01-30-70,1.000
45,2016-01-30-82,0.000
45,2016-01-30-94,0.000
45,2016-01-30-106,0.000
45,2016-01-30-118,2.000
45,2016-01-30-130,0.000
45,2016-01-30-142,2.000
46,2016-01-30-46,43.227
46,2016-01-30-58,111.197
46,2016-01-30-70,107.197
46,2016-01-30-82,98.197
46,2016-01-30-94,6.970
46,2016-01-30-106,5.970
46,2016-01-30-118,2.890
46,2016-01-30-130,8.970
46,2016-01-30-142,6.970
47,2016-01-30-46,2.000
47,2016-01-30-58,14.000
47,2016-01-30-70,5.000
47,2016-01-30-82,2.000
47,2016-01-30-94,1.000
47,2016-01-30-106,0.100
47,2016-01-30-118,3.000
47,2016-01-30-130,1.900
47,2016-01-30-142,4.000
48,2016-01-30-46,69.197
48,2016-01-30-58,6.970
48,2016-01-30-70,8.970
48,2016-01-30-82,49.197
48,2016-01-30-94,145.197
48,2016-01-30-106,408.197
48,2016-01-30-118,10.970
48,2016-01-30-130,103.197
48,2016-01-30-142,13.970
49,2016-01-30-46,0.000
49,2016-01-30-58,0.100
49,2016-01-30-70,0.000
49,2016-01-30-82,0.000
49,2016-01-30-94,0.100
49,2016-01-30-106,0.100
49,2016-01-30-118,2.000
49,2016-01-30-130,2.000
49,2016-01-30-142,0.100
50,2016-01-30-46,0.000
50,2016-01-30-58,0.100
50,2016-01-30-70,0.100
50,2016-01-30-82,2.000
50,2016-01-30-94,0.000
50,2016-01-30-106,0.000
50,2016-01-30-118,0.000
50,2016-01-30-130,1.000
50,2016-01-30-142,0.000
51,2016-01-30-46,52.197
51,2016-01-30-58,14.970
51,2016-01-30-70,10.970
51,2016-01-30-82,101.297
51,2016-01-30-94,330.824
51,2016-01-30-106,263.824
51,2016-01-30-118,19.970
51,2016-01-30-130,1093.297
51,2016-01-30-142,263.197
52,2016-01-30-46,0.000
52,2016-01-30-58,0.000
52,2016-01-30-70,0.000
52,2016-01-30-82,0.000
52,2016-01-30-94,0.000
52,2016-01-30-106,0.000
52,2016-01-30-118,0.000
52,2016-01-30-130,0.000
52,2016-01-30-142,0.000
53,2016-01-30-46,2.000
53,2016-01-30-58,0.100
53,2016-01-30-70,2.000
53,2016-01-30-82,2.000
53,2016-01-30-94,0.100
53,2016-01-30-106,0.100
53,2016-01-30-118,1.000
53,2016-01-30-130,1.000
53,2016-01-30-142,1.000
54,2016-01-30-46,0.500
54,2016-01-30-58,0.500
54,2016-01-30-70,0.500
54,2016-01-30-82,0.500
54,2016-01-30-94,2.000
54,2016-01-30-106,0.500
54,2016-01-30-118,1.000
54,2016-01-30-130,0.500
54,2016-01-30-142,0.500
55,2016-01-30-46,1.000
55,2016-01-30-58,0.000
55,2016-01-30-70,0.000
55,2016-01-30-82,0.000
55,2016-01-30-94,0.000
55,2016-01-30-106,0.000
55,2016-01-30-118,0.000
55,2016-01-30-130,0.000
55,2016-01-30-142,0.000
56,2016-01-30-46,2.000
56,2016-01-30-58,0.100
56,2016-01-30-70,2.000
56,2016-01-30-82,5.000
56,2016-01-30-94,0.100
56,2016-01-30-106,0.100
56,2016-01-30-118,3.000
56,2016-01-30-130,3.000
56,2016-01-30-142,1.000
57,2016-01-30-46,0.100
57,2016-01-30-58,1.000
57,2016-01-30-70,1.900
57,2016-01-30-82,1.000
57,2016-01-30-94,1.900
57,2016-01-30-106,1.900
57,2016-01-30-118,1.000
57,2016-01-30-130,1.000
57,2016-01-30-142,1.000
58,2016-01-30-46,4.000
58,2016-01-30-58,2.000
58,2016-01-30-70,0.000
58,2016-01-30-82,0.000
58,2016-01-30-94,2.000
58,2016-01-30-106,0.100
58,2016-01-30-118,1.000
58,2016-01-30-130,0.000
58,2016-01-30-142,1.000
59,2016-01-30-46,1.000
59,2016-01-30-58,0.100
59,2016-01-30-70,0.100
59,2016-01-30-82,0.100
59,2016-01-30-94,0.100
59,2016-01-30-106,2.000
59,2016-01-30-118,1.000
59,2016-01-30-130,0.000
59,2016-01-30-142,0.000
60,2016-01-30-46,2.000
60,2016-01-30-58,1.000
60,2016-01-30-70,0.000
60,2016-01-30-82,0.000
60,2016-01-30-94,0.000
60,2016-01-30-106,0.000
60,2016-01-30-118,0.000
60,2016-01-30-130,9.000
60,2016-01-30-142,0.000
61,2016-01-30-46,0.000
61,2016-01-30-58,0.000
61,2016-01-30-70,0.000
61,2016-01-30-82,0.000
61,2016-01-30-94,0.000
61,2016-01-30-106,1.000
61,2016-01-30-118,0.000
61,2016-01-30-130,1.000
61,2016-01-30-142,0.000
62,2016-01-30-46,1.000
62,2016-01-30-58,2.000
62,2016-01-30-70,2.000
62,2016-01-30-82,0.000
62,2016-01-30-94,4.000
62,2016-01-30-106,1.000
62,2016-01-30-118,0.000
62,2016-01-30-130,2.000
62,2016-01-30-142,0.000
63,2016-01-30-46,0.000
63,2016-01-30-58,0.000
63,2016-01-30-70,0.000
63,2016-01-30-82,2.000
63,2016-01-30-94,0.000
63,2016-01-30-106,0.000
63,2016-01-30-118,0.000
63,2016-01-30-130,0.000
63,2016-01-30-142,0.000
64,2016-01-30-46,0.100
64,2016-01-30-58,1.000
64,2016-01-30-70,1.000
64,2016-01-30-82,1.900
64,2016-01-30-94,1.000
64,2016-01-30-106,1.900
64,2016-01-30-118,1.000
64,2016-01-30-130,1.900
64,2016-01-30-142,2.000
65,2016-01-30-46,3.000
65,2016-01-30-58,1.000
65,2016-01-30-70,1.000
65,2016-01-30-82,1.000
65,2016-01-30-94,3.000
65,2016-01-30-106,1.000
65,2016-01-30-118,3.000
65,2016-01-30-130,1.000
65,2016-01-30-142,1.000
66,2016-01-30-46,0.000
66,2016-01-30-58,0.100
66,2016-01-30-70,0.100
66,2016-01-30-82,1.900
66,2016-01-30-94,0.100
66,2016-01-30-106,2.000
66,2016-01-30-118,0.100
66,2016-01-30-130,0.100
66,2016-01-30-142,0.000
